dataset,regime,arm,matched,seed,bit_f1,mAP,far,normal_far,pos_prob,neg_prob
mnist,partition,overlay,partition,0,0.6513,0.9016,0.0042,1.0,0.5352,0.0063
mnist,partition,overlay,partition,1,0.681,0.9166,0.0042,1.0,0.5429,0.0065
mnist,partition,overlay,partition,2,0.6327,0.8911,0.0049,0.0,0.4985,0.0093
mnist,partition,partition,partition,0,0.8839,0.9637,0.0215,0.0,0.8525,0.0331
mnist,partition,partition,partition,1,0.9185,0.9741,0.0151,0.0,0.8869,0.0233
mnist,partition,partition,partition,2,0.9168,0.9733,0.0137,0.0,0.8765,0.0226
mnist,partition,single_only,partition,0,0.4501,0.809,0.0069,1.0,0.3286,0.0099
mnist,partition,single_only,partition,1,0.4689,0.8002,0.0083,1.0,0.3505,0.0115
mnist,partition,single_only,partition,2,0.456,0.7825,0.0076,1.0,0.3315,0.012
mnist,partition,oracle,partition,0,0.8975,0.9627,0.0183,0.0,0.8583,0.0315
mnist,partition,oracle,partition,1,0.9097,0.9728,0.0177,0.0,0.8804,0.0251
mnist,partition,oracle,partition,2,0.9161,0.9728,0.0145,0.0,0.8766,0.0236
mnist,superposition,overlay,overlay,0,0.7699,0.8604,0.0314,1.0,0.6957,0.0598
mnist,superposition,overlay,overlay,1,0.7618,0.8639,0.0328,0.0,0.6898,0.0612
mnist,superposition,overlay,overlay,2,0.753,0.8539,0.0368,0.0,0.6777,0.0692
mnist,superposition,partition,overlay,0,0.4708,0.7035,0.0304,0.0,0.3856,0.037
mnist,superposition,partition,overlay,1,0.4147,0.6899,0.0447,0.0,0.3524,0.0482
mnist,superposition,partition,overlay,2,0.3893,0.6992,0.0477,0.0,0.3233,0.0524
mnist,superposition,single_only,overlay,0,0.4007,0.66,0.0252,1.0,0.3043,0.033
mnist,superposition,single_only,overlay,1,0.3351,0.628,0.0512,0.0,0.2846,0.057
mnist,superposition,single_only,overlay,2,0.3598,0.6411,0.0415,1.0,0.2908,0.049
mnist,superposition,oracle,overlay,0,0.7678,0.8593,0.0313,1.0,0.6934,0.0608
mnist,superposition,oracle,overlay,1,0.7757,0.8665,0.0319,1.0,0.7022,0.0599
mnist,superposition,oracle,overlay,2,0.7458,0.8483,0.0328,0.0,0.6573,0.0671
fashionmnist,partition,overlay,partition,0,0.505,0.707,0.0319,0.0,0.4361,0.0588
fashionmnist,partition,overlay,partition,1,0.5685,0.718,0.0374,0.0,0.5018,0.0655
fashionmnist,partition,overlay,partition,2,0.5864,0.707,0.0528,0.0,0.5392,0.088
fashionmnist,partition,partition,partition,0,0.713,0.803,0.0425,0.0,0.6752,0.079
fashionmnist,partition,partition,partition,1,0.7179,0.8034,0.0462,0.0,0.6808,0.0817
fashionmnist,partition,partition,partition,2,0.7251,0.8069,0.046,0.0,0.6823,0.0846
fashionmnist,partition,single_only,partition,0,0.3259,0.6073,0.0225,1.0,0.2624,0.0373
fashionmnist,partition,single_only,partition,1,0.2874,0.5792,0.0244,0.0,0.2288,0.0445
fashionmnist,partition,single_only,partition,2,0.287,0.5932,0.0307,1.0,0.242,0.0453
fashionmnist,partition,oracle,partition,0,0.7126,0.8003,0.0406,0.0,0.6707,0.0767
fashionmnist,partition,oracle,partition,1,0.7269,0.8025,0.0458,0.0,0.6859,0.0805
fashionmnist,partition,oracle,partition,2,0.6999,0.8034,0.0451,0.0,0.6712,0.0858
fashionmnist,superposition,overlay,overlay,0,0.5831,0.7255,0.03,0.0,0.5022,0.0833
fashionmnist,superposition,overlay,overlay,1,0.5994,0.7294,0.0386,0.0,0.5359,0.0979
fashionmnist,superposition,overlay,overlay,2,0.5759,0.6985,0.0499,0.0,0.5373,0.111
fashionmnist,superposition,partition,overlay,0,0.2882,0.6083,0.0184,0.0,0.2467,0.0474
fashionmnist,superposition,partition,overlay,1,0.3174,0.5861,0.0201,0.0,0.267,0.0533
fashionmnist,superposition,partition,overlay,2,0.3507,0.5949,0.0203,0.0,0.2816,0.0529
fashionmnist,superposition,single_only,overlay,0,0.2727,0.5538,0.0231,1.0,0.2372,0.0549
fashionmnist,superposition,single_only,overlay,1,0.2314,0.5381,0.0163,0.0,0.2076,0.0502
fashionmnist,superposition,single_only,overlay,2,0.2384,0.532,0.0182,1.0,0.2129,0.0506
fashionmnist,superposition,oracle,overlay,0,0.5665,0.7244,0.0285,0.0,0.4979,0.0852
fashionmnist,superposition,oracle,overlay,1,0.6066,0.7272,0.0403,0.0,0.5402,0.1015
fashionmnist,superposition,oracle,overlay,2,0.5839,0.7032,0.0467,0.0,0.5392,0.1088
kmnist,partition,overlay,partition,0,0.4639,0.6914,0.0209,1.0,0.3478,0.031
kmnist,partition,overlay,partition,1,0.5393,0.7075,0.0259,1.0,0.4196,0.037
kmnist,partition,overlay,partition,2,0.4378,0.682,0.0235,0.0,0.3325,0.0367
kmnist,partition,partition,partition,0,0.6627,0.7577,0.0609,0.0,0.6087,0.0887
kmnist,partition,partition,partition,1,0.6909,0.7858,0.0673,0.0,0.6639,0.0836
kmnist,partition,partition,partition,2,0.6844,0.779,0.0613,0.0,0.6392,0.0808
kmnist,partition,single_only,partition,0,0.3713,0.5821,0.037,0.0,0.3032,0.0494
kmnist,partition,single_only,partition,1,0.3549,0.5806,0.0307,0.0,0.2795,0.0434
kmnist,partition,single_only,partition,2,0.3465,0.5643,0.0295,0.0,0.2593,0.043
kmnist,partition,oracle,partition,0,0.6517,0.7625,0.0669,0.0,0.6104,0.0903
kmnist,partition,oracle,partition,1,0.7049,0.7844,0.0597,0.0,0.665,0.0795
kmnist,partition,oracle,partition,2,0.6959,0.7878,0.0576,0.0,0.6522,0.0752
kmnist,superposition,overlay,overlay,0,0.545,0.6496,0.0632,1.0,0.488,0.1096
kmnist,superposition,overlay,overlay,1,0.5639,0.6582,0.0622,0.0,0.5093,0.1037
kmnist,superposition,overlay,overlay,2,0.5424,0.6449,0.0512,0.0,0.4627,0.108
kmnist,superposition,partition,overlay,0,0.3242,0.5402,0.0285,0.0,0.2574,0.0459
kmnist,superposition,partition,overlay,1,0.3389,0.5474,0.0414,0.0,0.276,0.0515
kmnist,superposition,partition,overlay,2,0.3487,0.5665,0.0249,0.0,0.264,0.0361
kmnist,superposition,single_only,overlay,0,0.2741,0.4743,0.0366,0.0,0.2328,0.0646
kmnist,superposition,single_only,overlay,1,0.2583,0.4593,0.0469,0.0,0.2233,0.07
kmnist,superposition,single_only,overlay,2,0.2499,0.451,0.0509,0.0,0.2265,0.0757
kmnist,superposition,oracle,overlay,0,0.5495,0.6499,0.0639,0.0,0.4879,0.1092
kmnist,superposition,oracle,overlay,1,0.5665,0.6675,0.0683,0.0,0.5218,0.1099
kmnist,superposition,oracle,overlay,2,0.5488,0.6486,0.0551,0.0,0.4753,0.1081
emnist_letters,partition,overlay,partition,0,0.3322,0.6175,0.0029,0.0,0.2358,0.0054
emnist_letters,partition,overlay,partition,1,0.3624,0.6319,0.0038,0.0,0.2541,0.0058
emnist_letters,partition,overlay,partition,2,0.3468,0.6106,0.0055,0.0,0.2583,0.0091
emnist_letters,partition,partition,partition,0,0.6381,0.7073,0.0202,0.0,0.5728,0.0351
emnist_letters,partition,partition,partition,1,0.6253,0.7101,0.0188,0.0,0.569,0.0297
emnist_letters,partition,partition,partition,2,0.5921,0.6849,0.0206,0.0,0.5364,0.0343
emnist_letters,partition,single_only,partition,0,0.316,0.5435,0.0077,1.0,0.2245,0.0103
emnist_letters,partition,single_only,partition,1,0.334,0.5693,0.0051,0.0,0.2256,0.0069
emnist_letters,partition,single_only,partition,2,0.3027,0.5296,0.0056,1.0,0.2095,0.0086
emnist_letters,partition,oracle,partition,0,0.6308,0.7063,0.0207,0.0,0.5691,0.0347
emnist_letters,partition,oracle,partition,1,0.6334,0.7091,0.0219,0.0,0.5896,0.0334
emnist_letters,partition,oracle,partition,2,0.5793,0.6717,0.0233,0.0,0.5305,0.0376
emnist_letters,superposition,overlay,overlay,0,0.3888,0.4831,0.0137,0.0,0.34,0.0451
emnist_letters,superposition,overlay,overlay,1,0.4448,0.5164,0.0179,0.0,0.3775,0.0423
emnist_letters,superposition,overlay,overlay,2,0.3928,0.4947,0.0139,0.0,0.3515,0.0495
emnist_letters,superposition,partition,overlay,0,0.2099,0.3979,0.0174,0.0,0.1794,0.0245
emnist_letters,superposition,partition,overlay,1,0.2342,0.3848,0.0227,0.0,0.2098,0.0298
emnist_letters,superposition,partition,overlay,2,0.2469,0.4047,0.014,0.0,0.195,0.0213
emnist_letters,superposition,single_only,overlay,0,0.2087,0.364,0.0151,1.0,0.1729,0.0233
emnist_letters,superposition,single_only,overlay,1,0.2187,0.3918,0.0131,0.0,0.1773,0.018
emnist_letters,superposition,single_only,overlay,2,0.1857,0.3478,0.0192,1.0,0.1672,0.0285
emnist_letters,superposition,oracle,overlay,0,0.411,0.4942,0.0143,0.0,0.3502,0.0438
emnist_letters,superposition,oracle,overlay,1,0.4246,0.5118,0.0155,0.0,0.364,0.0396
emnist_letters,superposition,oracle,overlay,2,0.3868,0.4955,0.0143,0.0,0.3468,0.0464
