dataset,regime,arm,matched_op,seed,g,split,bit_f1,mAP,far,pos_prob,neg_prob
mnist,partition,profile_scan,partition,0,0.0,val,0.891,0.9615,0.0176,0.8559,0.0294
mnist,partition,profile_scan,partition,0,0.25,val,0.8649,0.9622,0.0257,0.8509,0.0378
mnist,partition,profile_scan,partition,0,0.5,val,0.8206,0.9474,0.0255,0.8111,0.0342
mnist,partition,profile_scan,partition,0,0.75,val,0.723,0.9214,0.062,0.7594,0.0717
mnist,partition,profile_scan,partition,0,1.0,val,0.6468,0.9087,0.0066,0.5365,0.0099
mnist,partition,learned_grad,partition,0,0.018,test,0.9002,0.9649,0.019,0.8663,0.0311
mnist,partition,learned_profile,partition,0,0.0,test,0.8704,0.9627,0.0208,0.8418,0.034
mnist,partition,matched,partition,0,0.0,test,0.8813,0.9645,0.02,0.8538,0.0323
mnist,partition,mismatched,partition,0,1.0,test,0.6489,0.905,0.0039,0.5352,0.006
mnist,partition,profile_scan,partition,1,0.0,val,0.9029,0.9686,0.0176,0.8763,0.0272
mnist,partition,profile_scan,partition,1,0.25,val,0.9151,0.9707,0.0185,0.8949,0.0262
mnist,partition,profile_scan,partition,1,0.5,val,0.8799,0.9541,0.0257,0.8591,0.0336
mnist,partition,profile_scan,partition,1,0.75,val,0.8228,0.938,0.0195,0.7838,0.0266
mnist,partition,profile_scan,partition,1,1.0,val,0.6288,0.9211,0.0045,0.4894,0.0063
mnist,partition,learned_grad,partition,1,0.0083,test,0.9169,0.9736,0.0187,0.8939,0.0276
mnist,partition,learned_profile,partition,1,0.25,test,0.9198,0.9767,0.0161,0.895,0.024
mnist,partition,matched,partition,1,0.0,test,0.9122,0.9743,0.0171,0.8837,0.0257
mnist,partition,mismatched,partition,1,1.0,test,0.6511,0.9071,0.0051,0.5222,0.0073
mnist,partition,profile_scan,partition,2,0.0,val,0.9068,0.9698,0.0194,0.8729,0.0278
mnist,partition,profile_scan,partition,2,0.25,val,0.9034,0.963,0.0196,0.8677,0.0317
mnist,partition,profile_scan,partition,2,0.5,val,0.8411,0.9457,0.0323,0.808,0.0469
mnist,partition,profile_scan,partition,2,0.75,val,0.7218,0.9164,0.0614,0.757,0.0727
mnist,partition,profile_scan,partition,2,1.0,val,0.5677,0.8883,0.0043,0.4459,0.0058
mnist,partition,learned_grad,partition,2,0.0076,test,0.9053,0.9669,0.0152,0.8568,0.0249
mnist,partition,learned_profile,partition,2,0.0,test,0.9155,0.9731,0.0149,0.8764,0.0245
mnist,partition,matched,partition,2,0.0,test,0.914,0.9711,0.0147,0.8721,0.0247
mnist,partition,mismatched,partition,2,1.0,test,0.6292,0.8953,0.0032,0.483,0.0062
mnist,superposition,profile_scan,overlay,0,0.0,val,0.4381,0.7065,0.0346,0.3606,0.0408
mnist,superposition,profile_scan,overlay,0,0.25,val,0.4831,0.7073,0.0315,0.397,0.0415
mnist,superposition,profile_scan,overlay,0,0.5,val,0.5342,0.7782,0.023,0.4397,0.0328
mnist,superposition,profile_scan,overlay,0,0.75,val,0.621,0.8183,0.0259,0.5164,0.0378
mnist,superposition,profile_scan,overlay,0,1.0,val,0.7601,0.8659,0.0413,0.7087,0.0708
mnist,superposition,learned_grad,overlay,0,0.9249,test,0.7116,0.8502,0.028,0.624,0.049
mnist,superposition,learned_profile,overlay,0,1.0,test,0.7687,0.8662,0.0368,0.7015,0.0662
mnist,superposition,matched,overlay,0,1.0,test,0.7681,0.8602,0.0314,0.693,0.0606
mnist,superposition,mismatched,overlay,0,0.0,test,0.461,0.703,0.0297,0.3705,0.0365
mnist,superposition,profile_scan,overlay,1,0.0,val,0.4196,0.6993,0.0409,0.3595,0.0437
mnist,superposition,profile_scan,overlay,1,0.25,val,0.4185,0.7268,0.0524,0.3692,0.0552
mnist,superposition,profile_scan,overlay,1,0.5,val,0.4637,0.7743,0.0512,0.411,0.0556
mnist,superposition,profile_scan,overlay,1,0.75,val,0.5694,0.8277,0.0415,0.5015,0.051
mnist,superposition,profile_scan,overlay,1,1.0,val,0.7681,0.8714,0.0362,0.6969,0.0604
mnist,superposition,learned_grad,overlay,1,0.9876,test,0.7712,0.8716,0.0359,0.6999,0.0619
mnist,superposition,learned_profile,overlay,1,1.0,test,0.7742,0.8732,0.0352,0.7057,0.0604
mnist,superposition,matched,overlay,1,1.0,test,0.7746,0.8664,0.0354,0.7057,0.0626
mnist,superposition,mismatched,overlay,1,0.0,test,0.4256,0.6978,0.0369,0.3557,0.0424
mnist,superposition,profile_scan,overlay,2,0.0,val,0.3752,0.7084,0.0604,0.3221,0.062
mnist,superposition,profile_scan,overlay,2,0.25,val,0.3836,0.7246,0.0508,0.3221,0.0534
mnist,superposition,profile_scan,overlay,2,0.5,val,0.4181,0.7657,0.0537,0.352,0.0563
mnist,superposition,profile_scan,overlay,2,0.75,val,0.5198,0.8237,0.0408,0.4415,0.0469
mnist,superposition,profile_scan,overlay,2,1.0,val,0.7385,0.8517,0.0334,0.6677,0.0613
mnist,superposition,learned_grad,overlay,2,0.9082,test,0.7376,0.8601,0.0303,0.6552,0.0529
mnist,superposition,learned_profile,overlay,2,1.0,test,0.7467,0.8578,0.0331,0.6769,0.0611
mnist,superposition,matched,overlay,2,1.0,test,0.758,0.8534,0.032,0.6695,0.0623
mnist,superposition,mismatched,overlay,2,0.0,test,0.4023,0.7054,0.0489,0.3376,0.0525
fashionmnist,partition,profile_scan,partition,0,0.0,val,0.7394,0.8194,0.0352,0.6966,0.0743
fashionmnist,partition,profile_scan,partition,0,0.25,val,0.6995,0.8048,0.0418,0.6562,0.0708
fashionmnist,partition,profile_scan,partition,0,0.5,val,0.6763,0.7866,0.0516,0.6445,0.08
fashionmnist,partition,profile_scan,partition,0,0.75,val,0.6259,0.7624,0.058,0.5976,0.0829
fashionmnist,partition,profile_scan,partition,0,1.0,val,0.5424,0.7194,0.0362,0.4784,0.0613
fashionmnist,partition,learned_grad,partition,0,0.0098,test,0.7175,0.8024,0.0457,0.6769,0.0814
fashionmnist,partition,learned_profile,partition,0,0.0,test,0.7127,0.8049,0.0429,0.6769,0.0787
fashionmnist,partition,matched,partition,0,0.0,test,0.7095,0.8008,0.0462,0.6768,0.0811
fashionmnist,partition,mismatched,partition,0,1.0,test,0.514,0.713,0.0301,0.4436,0.057
fashionmnist,partition,profile_scan,partition,1,0.0,val,0.7233,0.8182,0.04,0.6938,0.078
fashionmnist,partition,profile_scan,partition,1,0.25,val,0.715,0.8094,0.0423,0.6811,0.0711
fashionmnist,partition,profile_scan,partition,1,0.5,val,0.6816,0.7855,0.0462,0.6516,0.0742
fashionmnist,partition,profile_scan,partition,1,0.75,val,0.6597,0.7688,0.0566,0.619,0.0833
fashionmnist,partition,profile_scan,partition,1,1.0,val,0.5828,0.7371,0.0436,0.5353,0.0703
fashionmnist,partition,learned_grad,partition,1,0.0171,test,0.7079,0.8033,0.0465,0.6625,0.0787
fashionmnist,partition,learned_profile,partition,1,0.0,test,0.7175,0.8025,0.0472,0.6818,0.0839
fashionmnist,partition,matched,partition,1,0.0,test,0.729,0.8069,0.0444,0.6745,0.0812
fashionmnist,partition,mismatched,partition,1,1.0,test,0.5608,0.714,0.0387,0.5007,0.0684
fashionmnist,partition,profile_scan,partition,2,0.0,val,0.7331,0.8154,0.0398,0.6954,0.0832
fashionmnist,partition,profile_scan,partition,2,0.25,val,0.7111,0.8052,0.038,0.6635,0.0704
fashionmnist,partition,profile_scan,partition,2,0.5,val,0.6271,0.7679,0.0625,0.6019,0.0936
fashionmnist,partition,profile_scan,partition,2,0.75,val,0.5613,0.7559,0.075,0.5603,0.1009
fashionmnist,partition,profile_scan,partition,2,1.0,val,0.5678,0.7121,0.038,0.4887,0.0689
fashionmnist,partition,learned_grad,partition,2,0.0145,test,0.7226,0.8069,0.0469,0.6851,0.0863
fashionmnist,partition,learned_profile,partition,2,0.0,test,0.7157,0.802,0.0461,0.6732,0.0834
fashionmnist,partition,matched,partition,2,0.0,test,0.7075,0.8014,0.0448,0.6655,0.0849
fashionmnist,partition,mismatched,partition,2,1.0,test,0.5881,0.6983,0.0539,0.5329,0.0907
fashionmnist,superposition,profile_scan,overlay,0,0.0,val,0.2988,0.6154,0.0168,0.2497,0.0446
fashionmnist,superposition,profile_scan,overlay,0,0.25,val,0.3737,0.6364,0.0156,0.286,0.0386
fashionmnist,superposition,profile_scan,overlay,0,0.5,val,0.4428,0.6638,0.0208,0.3526,0.0488
fashionmnist,superposition,profile_scan,overlay,0,0.75,val,0.4264,0.6885,0.0221,0.3476,0.0487
fashionmnist,superposition,profile_scan,overlay,0,1.0,val,0.6064,0.7435,0.04,0.5437,0.0971
fashionmnist,superposition,learned_grad,overlay,0,0.997,test,0.581,0.7152,0.0367,0.5132,0.0946
fashionmnist,superposition,learned_profile,overlay,0,1.0,test,0.5762,0.7073,0.0425,0.5154,0.1026
fashionmnist,superposition,matched,overlay,0,1.0,test,0.5633,0.7204,0.0279,0.489,0.0801
fashionmnist,superposition,mismatched,overlay,0,0.0,test,0.2975,0.6102,0.0169,0.245,0.0422
fashionmnist,superposition,profile_scan,overlay,1,0.0,val,0.3303,0.5986,0.019,0.2846,0.0516
fashionmnist,superposition,profile_scan,overlay,1,0.25,val,0.4118,0.6584,0.0192,0.3336,0.0485
fashionmnist,superposition,profile_scan,overlay,1,0.5,val,0.465,0.6932,0.0185,0.3679,0.0447
fashionmnist,superposition,profile_scan,overlay,1,0.75,val,0.5016,0.707,0.0194,0.3982,0.0496
fashionmnist,superposition,profile_scan,overlay,1,1.0,val,0.616,0.7507,0.0336,0.5638,0.0959
fashionmnist,superposition,learned_grad,overlay,1,0.9976,test,0.6215,0.7397,0.0364,0.5491,0.0928
fashionmnist,superposition,learned_profile,overlay,1,1.0,test,0.6013,0.7359,0.0448,0.5566,0.1087
fashionmnist,superposition,matched,overlay,1,1.0,test,0.6079,0.7322,0.0356,0.5415,0.0987
fashionmnist,superposition,mismatched,overlay,1,0.0,test,0.3166,0.5789,0.0189,0.2682,0.0529
fashionmnist,superposition,profile_scan,overlay,2,0.0,val,0.3413,0.5996,0.0177,0.2856,0.0525
fashionmnist,superposition,profile_scan,overlay,2,0.25,val,0.3976,0.6356,0.018,0.326,0.0496
fashionmnist,superposition,profile_scan,overlay,2,0.5,val,0.4043,0.6505,0.0194,0.3256,0.0514
fashionmnist,superposition,profile_scan,overlay,2,0.75,val,0.4081,0.6886,0.021,0.3358,0.0489
fashionmnist,superposition,profile_scan,overlay,2,1.0,val,0.6084,0.7384,0.0305,0.525,0.0862
fashionmnist,superposition,learned_grad,overlay,2,0.9906,test,0.5911,0.7263,0.0334,0.5267,0.094
fashionmnist,superposition,learned_profile,overlay,2,1.0,test,0.5696,0.7152,0.0334,0.499,0.0856
fashionmnist,superposition,matched,overlay,2,1.0,test,0.5875,0.7045,0.0477,0.5415,0.1085
fashionmnist,superposition,mismatched,overlay,2,0.0,test,0.3567,0.6069,0.0187,0.2907,0.0546
