arm,neg_target,pick,normal_protocol,calibration_regime,guarantee_scope,alpha,n_calibration,n_model_seeds,split_repeats_per_model,tau_mean,tau_std,tau_ci95_low,tau_ci95_high,normal_FAR_mean,normal_FAR_std,normal_FAR_ci95_low,normal_FAR_ci95_high,mixed_coverage_mean,mixed_coverage_std,mixed_coverage_ci95_low,mixed_coverage_ci95_high,mixed_bitF1_all_mean,mixed_bitF1_all_std,mixed_bitF1_all_ci95_low,mixed_bitF1_all_ci95_high,mixed_bitF1_accepted_mean,mixed_bitF1_accepted_std,mixed_bitF1_accepted_ci95_low,mixed_bitF1_accepted_ci95_high,mixed_FAR_mean,mixed_FAR_std,mixed_FAR_ci95_low,mixed_FAR_ci95_high,normal_FAR_minus_alpha
cutmix,0.0,scale050_5split_headline,real_normal_eval,real_normal_split,real_normal_exchangeable,0.005,200,5,50,0.9938585362434388,0.008962835215057679,0.9858012020587921,0.9993688700199126,0.005390000000000001,0.0006730527468185537,0.004859500000000001,0.005890000000000001,0.6191130666666667,0.3357945727658835,0.32248186666666667,0.8489357333333333,0.3908756891063598,0.21263429028020725,0.2068933505896585,0.5421904270613987,0.5932711752335742,0.04138667260864929,0.5571281248493976,0.6223932684305937,0.002432732664806856,0.003105650527934544,0.00031134233079494335,0.005210083188821031,0.0003900000000000006
cutmix,0.0,scale050_5split_headline,real_normal_eval,real_normal_split,real_normal_exchangeable,0.005,500,5,50,0.9960909533500673,0.005611550595731219,0.9910850651264191,0.9995764071941375,0.004064,0.00035168167424533254,0.0037600000000000003,0.004328,0.6068112,0.3416848623221241,0.31720266666666663,0.846236,0.3800373169993271,0.2123836538974392,0.19254869488823823,0.5316322259127026,0.5889321922650493,0.03691271535680188,0.5574224121729994,0.61602226381123,0.0020326723466284656,0.002625867376857477,0.00022367991153333838,0.004357938123602001,-0.0009360000000000002
cutmix,0.0,scale050_5split_headline,real_normal_eval,real_normal_split,real_normal_exchangeable,0.01,100,5,50,0.9872312607765197,0.017114757065892907,0.9719639258384705,0.9979931471347809,0.011057777777777777,0.0008010178709801857,0.010515555555555556,0.011751111111111111,0.6880605333333334,0.3244299657150472,0.4023410666666667,0.9003541333333333,0.44330549381974044,0.21103121494778643,0.2680386398883436,0.5888909424089525,0.60759912577671,0.03984300969300341,0.5784865770210539,0.6419540081082501,0.0035041845736258764,0.004116608048670217,0.0006468621980949508,0.0071730880394078765,0.0010577777777777773
cutmix,0.0,scale050_5split_headline,real_normal_eval,real_normal_split,real_normal_exchangeable,0.01,200,5,50,0.9887481925487519,0.015748411776185425,0.9748186364173888,0.9983514001369477,0.0095,0.0007112928370228396,0.008975,0.010025000000000001,0.7118362666666667,0.33156452024291005,0.4146285333333333,0.9179482666666667,0.45753121853524226,0.2139369249901404,0.27573716904598006,0.5969098472467802,0.6096577529463157,0.0379108094435725,0.5829046353380793,0.6433598199202281,0.0034483902586141895,0.004081517092389364,0.0006308778808213325,0.007103018422176982,-0.0005000000000000004
cutmix,0.0,scale050_5split_headline,real_normal_eval,real_normal_split,real_normal_exchangeable,0.01,500,5,50,0.9873080809116364,0.017321646941987096,0.9719535298347474,0.9982721135616301,0.010159999999999999,0.0009769339793455846,0.009464,0.010927999999999998,0.745028,0.338792324332572,0.4373818666666667,0.9471162666666666,0.4816610865106866,0.22075431082686242,0.2866937414213338,0.6240058993017293,0.6159329836096741,0.0431731057250088,0.5843272992074754,0.6518138107832584,0.003897760687627234,0.004517311796494083,0.0006813943552238055,0.007831460956545779,0.00015999999999999868
cutmix,0.0,scale050_5split_headline,real_normal_eval,real_normal_split,real_normal_exchangeable,0.02,100,5,50,0.9764239804744721,0.030362357726188064,0.9494082169532778,0.995497682571411,0.019786666666666668,0.0010728524342513335,0.01888,0.02058222222222222,0.7769258666666666,0.3106643814645566,0.49567519999999987,0.9518562666666668,0.5110661701857273,0.20777457844294953,0.3267570770938956,0.6384762852226222,0.6268706701082516,0.04604003422633158,0.5939545419443273,0.6617823246652714,0.004956294453240846,0.005363407983348579,0.001199024856116012,0.009469702681645683,-0.00021333333333333274
cutmix,0.0,scale050_5split_headline,real_normal_eval,real_normal_split,real_normal_exchangeable,0.02,200,5,50,0.9768936727046966,0.03134721996310731,0.9486809098720551,0.9960178928375244,0.019905,0.0020487343654070926,0.018395,0.021425000000000007,0.7913922666666666,0.3092213696890232,0.5106050666666666,0.9642589333333331,0.5213141476582727,0.20739005540477043,0.3338653098382206,0.6495741570176922,0.6282578866031718,0.05055747321626587,0.5915989203743788,0.6716996402340434,0.005108145467340219,0.005614162035317355,0.0011610746688783331,0.010095654577898414,-9.500000000000133e-05
cutmix,0.0,scale050_5split_headline,real_normal_eval,real_normal_split,real_normal_exchangeable,0.02,500,5,50,0.9772062051296235,0.0288459856544001,0.9517025618553161,0.9959267117977142,0.02024,0.0008466404195406679,0.01948,0.020728,0.7928869333333333,0.32098127544612665,0.5001848,0.9697621333333333,0.5239603345816368,0.21468420265889743,0.33687156353135184,0.6552805506400554,0.6309956000384038,0.050170206705731794,0.5942636463383364,0.6729198719799127,0.0051987735303727165,0.005575704161240842,0.001207268340496117,0.009781597929075875,0.00024000000000000063
cutmix,0.0,scale050_5split_headline,real_normal_eval,real_normal_split,real_normal_exchangeable,0.05,100,5,50,0.9414858930110931,0.06878288718566125,0.881336405992508,0.986714543581009,0.048031111111111115,0.004859954783105203,0.04422666666666667,0.051693333333333334,0.8696034666666665,0.22028422850409524,0.6690208,0.9864586666666666,0.5928320073737335,0.1677425955369049,0.4419530860002846,0.696137962261177,0.6554532775587585,0.06488184766131432,0.6024130726643309,0.7047352573365755,0.008027645831762548,0.007674861293034094,0.0025627686043881476,0.014815753097589784,-0.001968888888888888
cutmix,0.0,scale050_5split_headline,real_normal_eval,real_normal_split,real_normal_exchangeable,0.05,200,5,50,0.9397538359165191,0.07092026452981363,0.8769878869056702,0.9861012907028197,0.05033,0.003925931418147803,0.04712,0.053434999999999996,0.8805045333333335,0.20939464776477298,0.6906168,0.9882170666666668,0.6015723377995474,0.16202854991729582,0.45521024807508736,0.69996183436902,0.657911319038479,0.06653351892196004,0.6032748094423634,0.706529113502613,0.008305159717509865,0.0077940755568003135,0.0026987358315112217,0.014603583905099402,0.00032999999999999696
cutmix,0.0,scale050_5split_headline,real_normal_eval,real_normal_split,real_normal_exchangeable,0.05,500,5,50,0.9390086913108826,0.06849321842223191,0.8791463589668276,0.9855187900066376,0.051528,0.0014678964541138455,0.05023999999999999,0.052503999999999995,0.8817922666666667,0.21331042388531632,0.6884688,0.9897261333333333,0.6041967065857841,0.16481790481937877,0.4616632328587246,0.702715822861667,0.6596443588210057,0.06789477888522288,0.6036248046148811,0.7098694486655808,0.008452888989419186,0.007745169298876366,0.0027805674935283626,0.01510739149011033,0.0015279999999999946
cutmix,0.0,scale050_5split_headline,real_normal_eval,real_normal_split,real_normal_exchangeable,0.1,100,5,50,0.8802355796098709,0.11975079420537021,0.7857760061025619,0.9650237834453582,0.09696444444444444,0.006800936754649377,0.09202222222222223,0.1020888888888889,0.9325781333333334,0.12546658756497683,0.8188496000000001,0.9954989333333334,0.6559142547270376,0.12489933576182619,0.549017977163945,0.7331053568311932,0.6861732323403456,0.0708835225507784,0.6249143811498383,0.7348081686268366,0.011811958078866019,0.009763276239981284,0.004700143255673679,0.019583352182764076,-0.003035555555555569
cutmix,0.0,scale050_5split_headline,real_normal_eval,real_normal_split,real_normal_exchangeable,0.1,200,5,50,0.8784182209968566,0.12339605530530176,0.7732484412193299,0.9652939887046813,0.09863,0.003397535871775314,0.09555,0.10071000000000001,0.9356960000000001,0.12140557279539427,0.8258928000000001,0.9959397333333333,0.6590327257070248,0.12321521131775606,0.5485236334222144,0.7357298834321426,0.687698624183272,0.07140876776726073,0.6298787756614007,0.738851979477281,0.012013269999246023,0.009968830314877435,0.004669029128653648,0.020525873985272308,-0.00137000000000001
cutmix,0.0,scale050_5split_headline,real_normal_eval,real_normal_split,real_normal_exchangeable,0.1,500,5,50,0.8761994519233702,0.12522113714861513,0.7716909940242768,0.9658018896579742,0.101016,0.0017126821071056912,0.09963200000000001,0.102312,0.9391930666666667,0.11515558436750786,0.8349861333333333,0.9964114666666667,0.662029099007967,0.12061843127071492,0.5541053404281879,0.7367867474842664,0.6889290895601088,0.07191287985365256,0.6276442780203373,0.7381407866543287,0.012166729498102491,0.010079848671121537,0.004705270300836914,0.020706677724999373,0.0010159999999999891
fcm_pm,0.0,scale050_5split_headline,real_normal_eval,real_normal_split,real_normal_exchangeable,0.005,200,5,50,0.9113592824935914,0.0836726384094026,0.8366781804561615,0.9606836855411529,0.004954999999999999,0.0011575026997808686,0.004150000000000001,0.005914999999999999,0.15025360000000001,0.118824884492171,0.0603912,0.24710773333333336,0.10330588683372974,0.07733980687256473,0.0468427136234273,0.1633411450203944,0.4821015801272413,0.0869937187861006,0.4096181963164499,0.5467321835002883,6.785795068988916e-05,0.0001261516293627942,3.2169695141873383e-06,0.00018206036844353968,-4.500000000000077e-05
fcm_pm,0.0,scale050_5split_headline,real_normal_eval,real_normal_split,real_normal_exchangeable,0.005,500,5,50,0.9141174910068512,0.08260665514368169,0.8397003579139708,0.9610735688209534,0.00408,0.0008173126696681022,0.003456,0.0046960000000000005,0.145428,0.11518232241296598,0.059508000000000005,0.24154560000000003,0.10074699616520233,0.07524230011693864,0.04546559139751009,0.16465547638208036,0.4930023313580379,0.09620927656923177,0.41394586378732934,0.5654680150833513,5.644776194425595e-05,0.00010894189717939272,1.6587499057528462e-06,0.00015506798361356153,-0.0009199999999999998
fcm_pm,0.0,scale050_5split_headline,real_normal_eval,real_normal_split,real_normal_exchangeable,0.01,100,5,50,0.8972873196601867,0.08695886483376367,0.8194714996814728,0.9507239756584166,0.00991111111111111,0.0017033010796395434,0.008573333333333332,0.011248888888888888,0.17312,0.12824859548721945,0.07568319999999999,0.27728373333333334,0.11710891142635146,0.08133534872636196,0.05626235686133074,0.18107903120884777,0.48668608742705893,0.08611085605068199,0.4142174505153168,0.5498792777143298,0.00010942722863102865,0.0001723930276899379,8.947196461333534e-06,0.00026539998492045534,-8.888888888889009e-05
fcm_pm,0.0,scale050_5split_headline,real_normal_eval,real_normal_split,real_normal_exchangeable,0.01,200,5,50,0.8930701167583465,0.08630237864844571,0.8141961977481842,0.9460852754116058,0.0098,0.0010972978173677368,0.00894,0.01066,0.1784016,0.124924036706401,0.08529786666666667,0.28302533333333335,0.12117290553518476,0.07901932389891499,0.06356722206409947,0.18926381128660036,0.49359995037960197,0.09215921958001315,0.42117943368745686,0.5644115309676687,0.00010751715298197993,0.0001752468114655715,1.0103294880494608e-05,0.0002656010455150921,-0.00020000000000000052
fcm_pm,0.0,scale050_5split_headline,real_normal_eval,real_normal_split,real_normal_exchangeable,0.01,500,5,50,0.8893524792194366,0.08785559661399983,0.809685664653778,0.9432462804317474,0.009912,0.0005007194823451556,0.009575999999999998,0.010328,0.1839186666666667,0.12680352581147822,0.09009813333333334,0.2911170666666667,0.12481060208232957,0.07981706420323485,0.06719382888640245,0.1942347387434412,0.49339949664001576,0.09216762217912812,0.42132388453308406,0.5643371036581307,0.00011470506924024226,0.00019544116600271478,8.444544974741762e-06,0.00029118600618261326,-8.799999999999954e-05
fcm_pm,0.0,scale050_5split_headline,real_normal_eval,real_normal_split,real_normal_exchangeable,0.02,100,5,50,0.8731895833015442,0.0921793208207349,0.7893400075435638,0.933632525920868,0.01970222222222222,0.002353384743956335,0.017702222222222223,0.021435555555555555,0.21157333333333334,0.14035920703680255,0.10685466666666665,0.327836,0.14045441047907023,0.08596014491373928,0.0778322851062036,0.21390282769920915,0.4954356697468949,0.08711145899397006,0.42759771324381646,0.5632736262499732,0.0001878911256880042,0.00025936954303744234,2.437859709970092e-05,0.0004187589534796048,-0.00029777777777777875
fcm_pm,0.0,scale050_5split_headline,real_normal_eval,real_normal_split,real_normal_exchangeable,0.02,200,5,50,0.8693344440460204,0.09390243207429022,0.7859957134723662,0.9313084473609925,0.019615,0.0012899370139661857,0.018709999999999997,0.020690000000000004,0.216284,0.13960726851819397,0.11449626666666665,0.3350186666666667,0.14384426988088134,0.08571831729227143,0.08158253493837402,0.2102616655810178,0.49524902447811286,0.08728963378456567,0.4272325027556983,0.5632655462005275,0.00018929854985046119,0.00027018782186118454,2.990776345221041e-05,0.0004263992560757998,-0.0003849999999999999
fcm_pm,0.0,scale050_5split_headline,real_normal_eval,real_normal_split,real_normal_exchangeable,0.02,500,5,50,0.8676959505081177,0.09624237285358377,0.7809051899909972,0.9298434498310089,0.019776,0.0007686871925562452,0.019191999999999997,0.020360000000000003,0.21900879999999998,0.1428625806993871,0.11530453333333332,0.3408306666666666,0.14554085312816484,0.08739377326601155,0.08183689837660973,0.2128541275033246,0.4948347806176283,0.08831931672887373,0.4259956104651289,0.5636739507701275,0.0001962854055140868,0.0002859974323686947,3.1164392168689844e-05,0.00044766141395863177,-0.00022400000000000198
fcm_pm,0.0,scale050_5split_headline,real_normal_eval,real_normal_split,real_normal_exchangeable,0.05,100,5,50,0.8289519011974334,0.10227529211804055,0.7383296873569489,0.9009802913665773,0.04941333333333334,0.004266712962711792,0.04614222222222222,0.05268444444444444,0.28541653333333333,0.16684187590943042,0.16022533333333333,0.41060773333333334,0.1828810095461334,0.09694842304279852,0.10972376415217167,0.25987090648582406,0.49851333094695904,0.07485003518643649,0.4401103662044277,0.5569162956894904,0.0004007137651109604,0.00044935723702913493,7.474427605619643e-05,0.0007692075699313882,-0.0005866666666666659
fcm_pm,0.0,scale050_5split_headline,real_normal_eval,real_normal_split,real_normal_exchangeable,0.05,200,5,50,0.8279606604576111,0.10112128326784035,0.7435306189060211,0.9006829252243043,0.049905,0.001632042432046421,0.048585,0.051095,0.28658533333333336,0.16400377852286752,0.1625432,0.4106274666666668,0.18401686998691627,0.0957060933775614,0.11127533731408293,0.25853546957858564,0.4980697873418056,0.07496895831811641,0.4396867071333951,0.5564528675502162,0.0003866395234863907,0.00041979354265989083,7.81623061650205e-05,0.0007218577998944432,-9.50000000000048e-05
fcm_pm,0.0,scale050_5split_headline,real_normal_eval,real_normal_split,real_normal_exchangeable,0.05,500,5,50,0.8284222657680512,0.10040586951723843,0.7398393456935883,0.9009480545520783,0.049832,0.0009492734063482449,0.049088,0.050575999999999996,0.28563706666666666,0.1616339552016634,0.16307893333333334,0.41191759999999994,0.18375742289023375,0.0946727787018985,0.1116438316116866,0.256912824380313,0.49779888784589377,0.07530618718106274,0.4392443321633735,0.5563534435284142,0.000375631455930031,0.0004052755453554326,7.871522280027143e-05,0.0006980321194299934,-0.00016800000000000148
fcm_pm,0.0,scale050_5split_headline,real_normal_eval,real_normal_split,real_normal_exchangeable,0.1,100,5,50,0.777000034570694,0.11636530859434618,0.6797433397769927,0.8639030632972717,0.09953333333333333,0.005241029961918589,0.09511111111111112,0.10328,0.37797573333333334,0.20171470969642027,0.22474853333333336,0.5312029333333333,0.2323808063496815,0.1107663624813171,0.14565657289700973,0.31624643093363336,0.4980140224548175,0.06063449979945291,0.45049144420992615,0.5434925329246709,0.0008471185503531127,0.0008628231768635075,0.00020387544296162258,0.0014931262409208575,-0.0004666666666666708
fcm_pm,0.0,scale050_5split_headline,real_normal_eval,real_normal_split,real_normal_exchangeable,0.1,200,5,50,0.7753462700843812,0.118158991446745,0.6770102353096009,0.8625406205654145,0.100285,0.004003615553471641,0.096895,0.10345000000000001,0.38225386666666666,0.2057946022779887,0.22564213333333333,0.5388656000000001,0.23450988919258622,0.11251286654136379,0.14728395161068825,0.3198648862395558,0.49679997612013027,0.06043081568881479,0.4492235170150253,0.5426510462178463,0.000844353967176858,0.0008611059186343742,0.00020503154138078365,0.001485586468621981,0.0002849999999999936
fcm_pm,0.0,scale050_5split_headline,real_normal_eval,real_normal_split,real_normal_exchangeable,0.1,500,5,50,0.7756968922615052,0.11645589138822494,0.6795012271404267,0.8611387426853181,0.09952799999999999,0.0011165661646315459,0.098688,0.100392,0.38125946666666666,0.2027810587924271,0.22634346666666666,0.5361754666666667,0.23435339935903535,0.11110968978873455,0.14756375995149842,0.31891496043314727,0.4966042176073267,0.06032459957524549,0.44898981931041765,0.542331409064347,0.0008030360149790144,0.0008049553053817497,0.00020141245067732287,0.0014046595792807058,-0.0004720000000000141
fcm_pm_pm,0.0,scale050_5split_headline,real_normal_eval,real_normal_split,real_normal_exchangeable,0.005,200,5,50,0.8788020987510681,0.07270690758734678,0.8141093304157258,0.9287897222042083,0.005220000000000001,0.0004803644449790179,0.004935,0.005640000000000001,0.18084933333333333,0.11167160619124869,0.10157039999999999,0.274321639999994,0.1272339666278745,0.07012389336875441,0.07725304858006107,0.18694751258646866,0.5273698614228598,0.03528345471643525,0.49639899369960816,0.549273618606736,0.00023765362286058957,0.0003068203367068997,2.493151373495187e-05,0.0005079795923496444,0.00022000000000000058
fcm_pm_pm,0.0,scale050_5split_headline,real_normal_eval,real_normal_split,real_normal_exchangeable,0.005,500,5,50,0.879021509885788,0.07354919827478401,0.8144216861724853,0.9297284438610076,0.00392,0.0004242640687119286,0.0036479999999999998,0.0043040000000000005,0.1775384,0.10976676041457684,0.10055706666666668,0.27044853333333335,0.126520758732122,0.07003872877976806,0.07663367627978795,0.18584988470440064,0.5259104435331217,0.03982062858802658,0.49063564157994843,0.5496747102858166,0.000205986579205308,0.0002870716857293303,2.26695820452889e-05,0.00046620925381386823,-0.0010800000000000002
fcm_pm_pm,0.0,scale050_5split_headline,real_normal_eval,real_normal_split,real_normal_exchangeable,0.01,100,5,50,0.8619601097106934,0.08173826109820698,0.7924445731639861,0.9193594715595246,0.010106666666666667,0.0015470721052250383,0.008960000000000001,0.011408888888888889,0.21298906666666667,0.13413062603430864,0.11397493333333335,0.3251773333333333,0.14457250833679855,0.07989706551221068,0.08573918042176663,0.21096667201039826,0.521489134468818,0.0369318450081471,0.48851258061702135,0.5439703945694184,0.0003637688808464651,0.000442743471569573,3.5989846439970846e-05,0.000715825982055342,0.00010666666666666637
fcm_pm_pm,0.0,scale050_5split_headline,real_normal_eval,real_normal_split,real_normal_exchangeable,0.01,200,5,50,0.8564901797771454,0.08472366529843074,0.7838437163829803,0.9169882278442383,0.010315000000000001,0.0004964247173540016,0.009929999999999998,0.01073,0.22208,0.13907725727970205,0.11773813333333336,0.3366005333333333,0.1505227076633902,0.08261458241281566,0.08846420319753126,0.21820709402894428,0.5178002932539971,0.04187119192883659,0.4805939119972667,0.5421020338516132,0.0003634672899545101,0.00044341662357154295,3.6894619115836034e-05,0.0007214556787051698,0.00031500000000000104
fcm_pm_pm,0.0,scale050_5split_headline,real_normal_eval,real_normal_split,real_normal_exchangeable,0.01,500,5,50,0.8545994265079498,0.0853635248430077,0.7831752460002899,0.9162903344631195,0.010263999999999999,0.000785162403582851,0.009736,0.010927999999999998,0.22598986666666665,0.1407086644780626,0.11831493333333334,0.33769439999999995,0.15306332473742987,0.08372825920957518,0.08894584931401281,0.21958758833611342,0.5164870704409573,0.04371330816405414,0.4773192056111384,0.5417348710770343,0.00035708361607479454,0.00043421769853359027,3.448189198019553e-05,0.000700796702606248,0.0002639999999999986
fcm_pm_pm,0.0,scale050_5split_headline,real_normal_eval,real_normal_split,real_normal_exchangeable,0.02,100,5,50,0.8329479813575744,0.09979763503925268,0.7513098204135894,0.9061512217521667,0.019795555555555556,0.0017112842625234689,0.01831111111111111,0.021137777777777776,0.2689437333333333,0.1765982449123811,0.13379813333333332,0.4063442666666667,0.17347870696217912,0.09707580754288236,0.09918331206109432,0.24988071997419375,0.511491693818791,0.04228436648694343,0.4730832947831134,0.536832380975544,0.0006624946593279549,0.0008356110046242462,5.790545125537209e-05,0.0013592198848928097,-0.0002044444444444446
fcm_pm_pm,0.0,scale050_5split_headline,real_normal_eval,real_normal_split,real_normal_exchangeable,0.02,200,5,50,0.8282960710525511,0.10364441084903858,0.7447125239372253,0.9045934567451477,0.020065,0.0014272569845686504,0.018930000000000002,0.02122024999999998,0.2791749333333333,0.1867842565490405,0.13650933333333334,0.42395253333333327,0.17887870775900677,0.10150798249921789,0.10116608268088063,0.258549792026135,0.5097082425864756,0.04392387190532683,0.4697054146588135,0.5365317150303691,0.0006816959461157606,0.0008582472132578713,5.81065118500088e-05,0.00138852446656111,6.499999999999909e-05
fcm_pm_pm,0.0,scale050_5split_headline,real_normal_eval,real_normal_split,real_normal_exchangeable,0.02,500,5,50,0.8246858456134796,0.10609641846701443,0.738861207485199,0.9027811098098756,0.020607999999999998,0.0012274852341270747,0.019815999999999997,0.021688000000000002,0.28695013333333336,0.19375822253886987,0.13907200000000003,0.43723653333333334,0.18276620755094206,0.1043078031802905,0.1029506845710938,0.2645703680924246,0.508595102432611,0.044514217870383725,0.46942145244679273,0.5363150164919815,0.0007088893915403755,0.0008921022700510685,5.946367086380658e-05,0.0014398451833421298,0.0006079999999999974
fcm_pm_pm,0.0,scale050_5split_headline,real_normal_eval,real_normal_split,real_normal_exchangeable,0.05,100,5,50,0.7914121065139771,0.12365444088196181,0.6984050502777099,0.8836735470294952,0.04917777777777778,0.0008456132262417965,0.048524444444444446,0.04978666666666667,0.3459458666666667,0.23199761696017485,0.16859306666666668,0.5232986666666667,0.2109113321277159,0.11602816562124776,0.12176268722320915,0.30005997703222265,0.5038647364840261,0.04086713009192458,0.4674047928349879,0.5311338311967491,0.0012976450777853177,0.0017700519659122993,0.00011359923596974038,0.0028716479428987913,-0.0008222222222222242
fcm_pm_pm,0.0,scale050_5split_headline,real_normal_eval,real_normal_split,real_normal_exchangeable,0.05,200,5,50,0.7887095401287079,0.1252984138062737,0.6951254096031189,0.8821302607059479,0.050025,0.0012080459428349584,0.04919,0.05103500000000001,0.3507138666666667,0.23565949741966458,0.17063440000000002,0.5307933333333335,0.21312775156905378,0.11709310995772729,0.12315199500779025,0.30310350813031733,0.5038643079973664,0.04087892150080234,0.46725909076357713,0.5315412591804005,0.0013497700369448844,0.0018575207495779556,0.00011425268290230967,0.003007313579129911,2.4999999999997247e-05
fcm_pm_pm,0.0,scale050_5split_headline,real_normal_eval,real_normal_split,real_normal_exchangeable,0.05,500,5,50,0.787099975347519,0.12680849305832687,0.6926275062561035,0.8815724444389342,0.050232,0.0017671219539126311,0.04892,0.051568,0.3536314666666667,0.2385783345134256,0.171112,0.5361509333333334,0.214383950690677,0.11808849426281827,0.12347636886688865,0.30529153251446545,0.503915260665336,0.04059660552784934,0.46765050049046486,0.5314442062064102,0.0013890773831963608,0.0019304108169452305,0.00011611249340269923,0.00311850008796401,0.0002319999999999961
fcm_pm_pm,0.0,scale050_5split_headline,real_normal_eval,real_normal_split,real_normal_exchangeable,0.1,100,5,50,0.7602633364200593,0.13747703267746778,0.6579513864517212,0.8625752863883973,0.09920444444444446,0.005880568545621512,0.09472,0.1039111111111111,0.3950858666666667,0.25639372421787376,0.1994032,0.5907685333333333,0.23580022330564301,0.12408506637724859,0.14065956101628474,0.3318986616455156,0.501310715188638,0.03451420103759944,0.4721267594332339,0.5239891540511715,0.0019151021639146498,0.002632864310108606,0.0001742692704013672,0.0042664555530422974,-0.0007955555555555494
fcm_pm_pm,0.0,scale050_5split_headline,real_normal_eval,real_normal_split,real_normal_exchangeable,0.1,200,5,50,0.7600358564853668,0.1375388348142057,0.6575911321640014,0.8624724993705749,0.09786500000000001,0.0035861539286539267,0.095275,0.100855,0.3958018666666666,0.2572508338180634,0.19951760000000002,0.5920861333333333,0.23616072959605283,0.12454095560346269,0.14075573988636786,0.3331259347160704,0.500884622890504,0.03452974150100446,0.4717771919479275,0.5238232046280598,0.0019025861418985146,0.0025964368356432674,0.00017240945990097765,0.00421262157882832,-0.002134999999999998
fcm_pm_pm,0.0,scale050_5split_headline,real_normal_eval,real_normal_split,real_normal_exchangeable,0.1,500,5,50,0.7591219007968902,0.1379321705343339,0.6561377315521242,0.8620292644500733,0.098808,0.0017566786843358731,0.09752000000000001,0.10028800000000002,0.3975704,0.25800103565580246,0.20057946666666665,0.5945613333333333,0.23703468571240566,0.12486132069316515,0.14134049890815392,0.33445355538019206,0.5003450217702103,0.034095215064607706,0.47036903065430025,0.5231301513019061,0.0019156048154012415,0.0026095244512298627,0.00017532483852320994,0.004236296463846791,-0.0011919999999999986
mixup,0.0,scale050_5split_headline,real_normal_eval,real_normal_split,real_normal_exchangeable,0.005,200,5,50,0.9177944705486297,0.05300370599884457,0.8791261632442474,0.963344983100891,0.005255,0.0009030157805930083,0.00451,0.005880000000000001,0.3700909333333333,0.31825132626400787,0.1928701333333333,0.6569565333333334,0.2278264818282191,0.16296117875060023,0.13469876478526105,0.3737616618929627,0.5848608174306058,0.04500048442304575,0.5498438493998377,0.619877785461374,0.0018963029983161176,0.003943549360566339,6.016738294503506e-05,0.005431752494408003,0.000255
mixup,0.0,scale050_5split_headline,real_normal_eval,real_normal_split,real_normal_exchangeable,0.005,500,5,50,0.9179661672115327,0.05364835090697201,0.8791889524459838,0.9648534686565398,0.003784,0.0006545838372584523,0.0032719999999999997,0.004256,0.37088506666666665,0.31258922883184714,0.20085146666666667,0.6583184000000001,0.22867059401771353,0.15810247852010081,0.14160293716927191,0.37415480873528095,0.5840522509191032,0.044929187157323656,0.54864132657898,0.6194631752592262,0.0017203247128603385,0.00356878989114643,6.660132197340973e-05,0.00492789464424841,-0.001216
mixup,0.0,scale050_5split_headline,real_normal_eval,real_normal_split,real_normal_exchangeable,0.01,100,5,50,0.9096459414958954,0.05743285445353523,0.8678085658550263,0.9591302225589752,0.009764444444444445,0.0007320864821071009,0.009186666666666668,0.010342222222222221,0.3898642666666666,0.3122926074727568,0.21803120000000004,0.6720944,0.24038726879996003,0.1601826274473877,0.15038842076396328,0.3846112682203146,0.5823358250362607,0.04280679916039731,0.5493799847567058,0.6152916653158157,0.0021587876046143405,0.004463908570479764,7.197969287994169e-05,0.0061611500666013215,-0.00023555555555555482
mixup,0.0,scale050_5split_headline,real_normal_eval,real_normal_split,real_normal_exchangeable,0.01,200,5,50,0.9059265766143799,0.059305708463240916,0.8630770609378816,0.9573469872474671,0.00989,0.0007946304172381012,0.00926,0.010539999999999999,0.3990501333333333,0.3096324920943106,0.23014479999999998,0.6800338666666667,0.24658756662366743,0.15866085681412995,0.1585191025213728,0.3903240132339116,0.5810620143159574,0.041492688696678326,0.5494524732175347,0.61267155541438,0.0022687174847319616,0.004690984351092552,7.605116992133505e-05,0.006474151147302018,-0.00011000000000000072
mixup,0.0,scale050_5split_headline,real_normal_eval,real_normal_split,real_normal_exchangeable,0.01,500,5,50,0.9049793477058412,0.05891123391358352,0.8628323760032653,0.9564164795875548,0.010128000000000002,0.0009909187655908023,0.009384,0.010928,0.4038906666666667,0.30744290075249925,0.2369618666666667,0.6814053333333334,0.24959151700565166,0.1573582063924114,0.16267724828850744,0.3912400685529362,0.579736674610305,0.041812231365755854,0.546276815946948,0.6110624436341437,0.0022979215361029434,0.004731915484031843,7.705647289451859e-05,0.006543014400965092,0.00012800000000000138
mixup,0.0,scale050_5split_headline,real_normal_eval,real_normal_split,real_normal_exchangeable,0.02,100,5,50,0.8943940746784211,0.06588902191299113,0.8463943119049073,0.9504409148693085,0.020604444444444446,0.0008798709220710571,0.019964444444444444,0.021284444444444446,0.42455333333333334,0.30259240617041266,0.2571237333333333,0.6969010666666666,0.2620953460973833,0.1565927500417492,0.17422242312044903,0.40273112667130756,0.5780357369645803,0.0390009526266338,0.5473050115520242,0.6076699873782081,0.0026797356053180526,0.005485681145549173,9.062806303249642e-05,0.0076052175224308235,0.0006044444444444456
mixup,0.0,scale050_5split_headline,real_normal_eval,real_normal_split,real_normal_exchangeable,0.02,200,5,50,0.8943288893699647,0.06565334565479855,0.8466603803634645,0.9504563701152801,0.019620000000000002,0.0012976420924122336,0.018625,0.020605000000000002,0.426308,0.3017896708489393,0.25937546666666667,0.6973901333333334,0.2631542027368852,0.15589124097989587,0.17569139460496558,0.4028220452882037,0.5774025381457706,0.03957939169764247,0.5459083628502274,0.6063694528607781,0.0026617406820980674,0.005431097899926001,8.952222976199453e-05,0.007541330518485009,-0.0003799999999999984
mixup,0.0,scale050_5split_headline,real_normal_eval,real_normal_split,real_normal_exchangeable,0.02,500,5,50,0.8933046343326568,0.06658323748232947,0.8446867067813872,0.9496500668525696,0.020008,0.0008106293851076467,0.019375999999999997,0.020640000000000002,0.4278794666666667,0.30244165956222957,0.26013013333333335,0.6992290666666667,0.26421820871134066,0.15659624342726436,0.17613684982957314,0.404335051676551,0.5775443861185299,0.03955777011235016,0.5456999280839898,0.6067243745809934,0.0027206011711779637,0.005558654539302061,8.726029807233153e-05,0.007716202970670286,8.000000000001062e-06
mixup,0.0,scale050_5split_headline,real_normal_eval,real_normal_split,real_normal_exchangeable,0.05,100,5,50,0.8727498774528504,0.07826510218125446,0.8155746676921846,0.9383109698295591,0.04770666666666666,0.002426113082969967,0.04551111111111111,0.049062222222222215,0.47158453333333333,0.2857162754195925,0.3116469333333333,0.7261837333333333,0.2900949738373064,0.15074678139969974,0.20539479236491567,0.42514396144345995,0.5727075390989954,0.03459030364317972,0.5445305783243111,0.6003691321961363,0.0034029002990776346,0.0068477812381812905,0.00013692226494759857,0.009555605820704216,-0.0022933333333333417
mixup,0.0,scale050_5split_headline,real_normal_eval,real_normal_split,real_normal_exchangeable,0.05,200,5,50,0.8699573745727539,0.08040666051250436,0.81099742102623,0.9369851579666137,0.050170000000000006,0.0014485337414088743,0.049125,0.05142,0.4758066666666666,0.2851098527452961,0.31605306666666666,0.7299808000000001,0.2928847088335638,0.15120090818287596,0.20801359698690497,0.4283959285715192,0.572587160916831,0.03394522247452231,0.5442947623169427,0.5999378068200377,0.003543140063836739,0.007144105188897003,0.00014209957525949382,0.009960642388599863,0.00017000000000000348
mixup,0.0,scale050_5split_headline,real_normal_eval,real_normal_split,real_normal_exchangeable,0.05,500,5,50,0.8694760465621949,0.08072374399758322,0.8102978410720827,0.9368801813125611,0.049808,0.0021606295378893635,0.047832,0.05133600000000001,0.4768405333333333,0.28472415509221866,0.3176197333333333,0.7308685333333333,0.29359525508870943,0.15110321424328585,0.20898653490656524,0.42896348697363795,0.5725916765436343,0.03362914309944638,0.5445818274134269,0.5996055244888998,0.003551936464852095,0.00715995310726476,0.0001443615069491568,0.009983211440347835,-0.00019200000000000467
mixup,0.0,scale050_5split_headline,real_normal_eval,real_normal_split,real_normal_exchangeable,0.1,100,5,50,0.8463545744419096,0.09525207425106866,0.7763128738403321,0.9265414638519287,0.09429333333333334,0.0010542565105909802,0.09346222222222222,0.09513333333333333,0.5182154666666666,0.2685369772950376,0.36743840000000005,0.7551242666666667,0.3183964991461793,0.14869502008362304,0.23592515044040113,0.45298082138241835,0.5696614372453572,0.03310676159985988,0.5415395242457545,0.5935766870888519,0.004627560381009826,0.009358715002902971,0.0001874890044987308,0.013028977858202015,-0.0057066666666666654
mixup,0.0,scale050_5split_headline,real_normal_eval,real_normal_split,real_normal_exchangeable,0.1,200,5,50,0.8444813537597657,0.09648728946017156,0.7736333529949188,0.925969897031784,0.09825500000000001,0.002627700991361082,0.09638,0.10049999999999999,0.5213720000000001,0.2671729072957977,0.37118746666666663,0.7574690666666666,0.3203613678627157,0.14838191933060949,0.23811559972391327,0.4548600165751653,0.569318758616262,0.03296873190603382,0.5415356083386722,0.5925776955101829,0.004698936892105858,0.009497795626471614,0.00019231445877001182,0.013224056900148282,-0.0017449999999999966
mixup,0.0,scale050_5split_headline,real_normal_eval,real_normal_split,real_normal_exchangeable,0.1,500,5,50,0.843950909614563,0.09708734454603515,0.772504593372345,0.9256043820381163,0.099688,0.0008769948688561402,0.099024,0.10036799999999999,0.522436,0.2671206467547327,0.37192853333333337,0.7579048,0.3209944004288524,0.1485504941490487,0.23849237167688347,0.45248558947642736,0.5691938661846427,0.03322215750128079,0.5412846292870352,0.5925740038987792,0.0047350272688431476,0.009571159255856387,0.00019507904194626655,0.013325140114101885,-0.0003120000000000067
oracle,0.0,scale050_5split_headline,real_normal_eval,real_normal_split,real_normal_exchangeable,0.005,200,5,50,0.4323066472858191,0.45621620488169773,0.09380148699879645,0.7924624789059161,0.00487,0.0010190988666464113,0.004065,0.0056749999999999995,0.9984229333333333,0.0035048529403290756,0.9952842666666667,1.0,0.9366338805639846,0.056144217798764544,0.890323444530798,0.9782496768310253,0.9370250328631256,0.055480377392968835,0.8914911639353807,0.9782554143238655,0.04292759305335646,0.07538248911266705,0.003144135313780191,0.11078167332679886,-0.0001299999999999999
oracle,0.0,scale050_5split_headline,real_normal_eval,real_normal_split,real_normal_exchangeable,0.005,500,5,50,0.4251709737032652,0.4594436744931902,0.0831606879234314,0.7863116737902164,0.004432,0.000849187847298818,0.0037920000000000002,0.005120000000000001,0.9989154666666666,0.002418387635503367,0.9967512,1.0,0.9401556903650048,0.050876495978810346,0.9010120239754308,0.9787611831573144,0.9404469378119685,0.05042901191914443,0.9018839829638345,0.9787629665098023,0.04371449395561587,0.07673051672539037,0.0032676870491844486,0.11303229535801354,-0.0005679999999999999
oracle,0.0,scale050_5split_headline,real_normal_eval,real_normal_split,real_normal_exchangeable,0.01,100,5,50,0.4150268952250481,0.4505597393385117,0.08040628853440285,0.772770996928215,0.009875555555555558,0.0014635151325524027,0.00871111111111111,0.011071111111111111,0.9990026666666667,0.0022226590681733507,0.9970133333333335,1.0,0.9430486991190097,0.04514567874241497,0.908097362556655,0.9780000356813648,0.9432980954686988,0.044846526316679236,0.9085941767083275,0.9780020142290702,0.049203096333157406,0.08494889935464134,0.0037195204704817916,0.12577184649023598,-0.00012444444444444265
oracle,0.0,scale050_5split_headline,real_normal_eval,real_normal_split,real_normal_exchangeable,0.01,200,5,50,0.4114252159744501,0.4540455606433005,0.07404198908805848,0.7700337871015072,0.00996,0.0012525723531996067,0.008965,0.010955,0.9997322666666667,0.0005986699331759135,0.9991968,1.0,0.9493166857362538,0.039688943448910094,0.9158965435118425,0.9773965133143594,0.9493993148631246,0.03965440118119028,0.915979172638713,0.9773965133143594,0.05234904119228932,0.089950692882268,0.004000351856040614,0.13341682374525624,-4.0000000000000105e-05
oracle,0.0,scale050_5split_headline,real_normal_eval,real_normal_split,real_normal_exchangeable,0.01,500,5,50,0.4090613048374653,0.45422428962339234,0.07225395223498345,0.7691084073781966,0.010368,0.0013903668580630077,0.009415999999999999,0.011632,0.9998927999999999,0.00023970648718796893,0.9996784,1.0,0.950668707818054,0.039669069483237854,0.9159142569645559,0.9771111842861775,0.9507106491750708,0.03966178087988108,0.9169241226840322,0.9771111842861775,0.054095403252155116,0.09298142286713128,0.004266405287893639,0.1380824851089497,0.00036800000000000027
oracle,0.0,scale050_5split_headline,real_normal_eval,real_normal_split,real_normal_exchangeable,0.02,100,5,50,0.39476537610590456,0.44040663378880945,0.06837048724293708,0.746601022273302,0.01987111111111111,0.001768056755694802,0.018537777777777775,0.021306666666666668,0.9998626666666667,0.00030708666890999687,0.9995879999999999,1.0,0.9514294434879075,0.04120498311611259,0.9157735427593341,0.9780777515522839,0.9514722202222957,0.04121129115251374,0.9158163194937226,0.9780777515522839,0.05993334841287793,0.10209650952266229,0.00460107064766644,0.15206484204177034,-0.0001288888888888902
oracle,0.0,scale050_5split_headline,real_normal_eval,real_normal_split,real_normal_exchangeable,0.02,200,5,50,0.3952489169090986,0.44307352698971564,0.06670669186115266,0.747452456817031,0.019475,0.002287670758653875,0.017635,0.021185,0.9999578666666666,9.421299745200261e-05,0.9998735999999999,1.0,0.9528391662547818,0.042018574516154455,0.9148140348064124,0.9783289233815615,0.9528558527078678,0.04202520741058159,0.9148474077125843,0.9783456098346475,0.06141370730603936,0.1042621170219857,0.004730252079720525,0.15551629847445275,-0.0005250000000000012
oracle,0.0,scale050_5split_headline,real_normal_eval,real_normal_split,real_normal_exchangeable,0.02,500,5,50,0.3941665264219046,0.4427434861729779,0.06611382207274437,0.7468131958246231,0.020208,0.0018997684069380675,0.01872,0.021696,0.9999645333333333,7.9305877601956e-05,0.9998936,1.0,0.953364613676578,0.042398091354642536,0.9159265021806409,0.9789044316007967,0.9533787667684116,0.042404770270028196,0.9159548083643079,0.9789185846926302,0.0617910477770238,0.10471593617671737,0.004841086732514011,0.15626555078036644,0.00020799999999999985
oracle,0.0,scale050_5split_headline,real_normal_eval,real_normal_split,real_normal_exchangeable,0.05,100,5,50,0.3580157315284013,0.40460305635936844,0.05916407713294029,0.6856468492150306,0.04934666666666667,0.004413715995495053,0.045831111111111114,0.052817777777777776,0.9999922666666666,1.7292259025982568e-05,0.9999768,1.0,0.9524655835753169,0.04733921253798839,0.9105186454067133,0.9828369193104576,0.9524686542136079,0.04734156983877989,0.9105186454067133,0.9828430605870395,0.07415974264243887,0.12364313442935246,0.005729573500213627,0.18603382844504762,-0.0006533333333333322
oracle,0.0,scale050_5split_headline,real_normal_eval,real_normal_split,real_normal_exchangeable,0.05,200,5,50,0.36015864649415014,0.40786831602969614,0.05853832536935807,0.6889293117821216,0.048345,0.003803633131625603,0.045355,0.05114,0.9999986666666667,2.9814239699696007e-06,0.999996,1.0,0.9526387144839223,0.04781111729120006,0.9101503350089931,0.9835366833322045,0.9526392105338157,0.04781151694301526,0.9101503350089931,0.9835376754319917,0.07482032722611777,0.12486122691634556,0.005724949106536982,0.18780859031390584,-0.0016550000000000037
oracle,0.0,scale050_5split_headline,real_normal_eval,real_normal_split,real_normal_exchangeable,0.05,500,5,50,0.3598323881626129,0.4078161343241562,0.05827374029159547,0.6882457016408444,0.049488,0.0029349480404259314,0.047392,0.051992000000000003,1.0,0.0,1.0,1.0,0.9528019808146653,0.048126785117149885,0.909985552456887,0.9839774137440989,0.9528019808146653,0.048126785117149885,0.909985552456887,0.9839774137440989,0.07528241473774158,0.12583025807314968,0.005828294252180251,0.18907672974942824,-0.0005120000000000055
oracle,0.0,scale050_5split_headline,real_normal_eval,real_normal_split,real_normal_exchangeable,0.1,100,5,50,0.30666082617640494,0.3420431534438226,0.05315690863132477,0.5820664630383253,0.09857333333333333,0.0023013898109030487,0.09681333333333333,0.10030222222222222,1.0,0.0,1.0,1.0,0.9490798011625505,0.05268661128986484,0.9032693599998698,0.9858077414006982,0.9490798011625505,0.05268661128986484,0.9032693599998698,0.9858077414006982,0.08935660609716253,0.14407277153254153,0.007121666792329539,0.22000753977229887,-0.0014266666666666733
oracle,0.0,scale050_5split_headline,real_normal_eval,real_normal_split,real_normal_exchangeable,0.1,200,5,50,0.30512009941041474,0.34088503509257656,0.05258639523386956,0.5800064372271299,0.09952,0.0023336800337664066,0.097755,0.10122499999999998,1.0,0.0,1.0,1.0,0.9488737643558742,0.05289826587630056,0.9030246458274427,0.9859924625026967,0.9488737643558742,0.05289826587630056,0.9030246458274427,0.9859924625026967,0.08972022418256301,0.14391010200389573,0.00715157455578175,0.22025765915202694,-0.0004800000000000082
oracle,0.0,scale050_5split_headline,real_normal_eval,real_normal_split,real_normal_exchangeable,0.1,500,5,50,0.30482044211030007,0.3407697043919412,0.05222067761421204,0.5789517450034618,0.101392,0.003559595482635632,0.09903999999999999,0.10451999999999999,1.0,0.0,1.0,1.0,0.9485947340307934,0.05311303684449769,0.9026618026878305,0.9860193190260336,0.9485947340307934,0.05311303684449769,0.9026618026878305,0.9860193190260336,0.09036673452461735,0.144497027023766,0.007204905878509136,0.22144502249365403,0.0013919999999999905
overlay,0.0,scale050_5split_headline,real_normal_eval,real_normal_split,real_normal_exchangeable,0.005,200,5,50,0.2285422847867012,0.07883668429629671,0.17149802958965302,0.2889059811234474,0.005245,0.0004641524534029743,0.004905,0.0056,0.9999789333333334,2.7942798714504188e-05,0.9999544,0.9999978666666667,0.9033293043466877,0.016771448606377224,0.8904325011896939,0.9163838212495401,0.9033363834936019,0.01677373704892349,0.8904368627162149,0.9163883731166346,0.016255095629445323,0.0032087332046853976,0.013473824423835734,0.018580512201864838,0.00024499999999999956
overlay,0.0,scale050_5split_headline,real_normal_eval,real_normal_split,real_normal_exchangeable,0.005,500,5,50,0.22221885210275652,0.09087889569868321,0.1563984407186508,0.29301973700523376,0.004471999999999999,0.0005406662556513027,0.004064,0.004904,0.9999818666666667,2.9053207893250884e-05,0.9999552000000002,1.0,0.9039464651586367,0.01812303568027329,0.8903380718206165,0.9186964984498378,0.9039526025406058,0.018125499305992387,0.8903412436564568,0.9187010499138868,0.016374274296916232,0.003486536302782656,0.013410892457714443,0.018862751011586115,-0.0005280000000000007
overlay,0.0,scale050_5split_headline,real_normal_eval,real_normal_split,real_normal_exchangeable,0.01,100,5,50,0.1965389344096184,0.07697208724236754,0.14207408607006072,0.2581529909670353,0.010675555555555556,0.00106719894126958,0.009937777777777778,0.011595555555555557,0.9999848,2.5518620652355324e-05,0.9999616,0.9999991999999999,0.90800630285884,0.015335517381371571,0.8963776462993411,0.9202864219491733,0.9080114539514781,0.015338614124091139,0.8963794826876971,0.9202905249039238,0.01825856392470281,0.0038579135103506716,0.014793837492774386,0.02087255271557466,0.000675555555555556
overlay,0.0,scale050_5split_headline,real_normal_eval,real_normal_split,real_normal_exchangeable,0.01,200,5,50,0.17840350204706193,0.07409201655357535,0.12028141042590142,0.23640399798750872,0.010695,0.0007080783854913238,0.01013,0.011234999999999998,0.9999861333333333,2.8120376163096367e-05,0.9999605333333333,1.0,0.9104699043872883,0.015450856630695758,0.8988158430463011,0.9231694597422931,0.9104746353189386,0.015454078834352701,0.898816547787216,0.9230332537822947,0.01888818517680766,0.0039335300534559265,0.015488451582095556,0.021534645253713337,0.0006949999999999994
overlay,0.0,scale050_5split_headline,real_normal_eval,real_normal_split,real_normal_exchangeable,0.01,500,5,50,0.17098641672730447,0.07289926680078902,0.12023676449060439,0.22831825751066206,0.010776,0.0005474303608679366,0.010416000000000002,0.011232,0.9999866666666666,2.9814239699993913e-05,0.9999600000000001,1.0,0.9115979088472379,0.015067176510850848,0.9003623464499724,0.9242489890540233,0.9116024717290063,0.01507081555154121,0.9003623464499724,0.9242535519357917,0.01920440322702254,0.004014699440704133,0.01571831410691397,0.021874337128352055,0.0007760000000000006
overlay,0.0,scale050_5split_headline,real_normal_eval,real_normal_split,real_normal_exchangeable,0.02,100,5,50,0.15050767681002616,0.06709585957125265,0.10255042222142219,0.20651270425319673,0.021693333333333335,0.001088934239418422,0.020875555555555557,0.022582222222222222,0.9999895999999999,2.2517153954738834e-05,0.9999693333333333,1.0,0.9147737104061713,0.013169082273795395,0.904996237670152,0.9258733303437108,0.9147772683775482,0.013171717149823813,0.9049964141062421,0.9258768000970428,0.021455779235467088,0.005012488322904805,0.017100957551081958,0.024842142300635854,0.0016933333333333349
overlay,0.0,scale050_5split_headline,real_normal_eval,real_normal_split,real_normal_exchangeable,0.02,200,5,50,0.14673511846363546,0.0634054886266729,0.097703803434968,0.19840216597914695,0.020535,0.0010091147110214962,0.01975,0.02132,0.9999898666666667,2.265882217198743e-05,0.9999696,1.0,0.9153126040516273,0.01306483373162213,0.9055418772809514,0.9262093290718225,0.9153160747534193,0.0130674896963107,0.9055418772809514,0.9262127997736144,0.021437181130463192,0.004758837524637957,0.0173172484857624,0.024668978863504987,0.0005350000000000008
overlay,0.0,scale050_5split_headline,real_normal_eval,real_normal_split,real_normal_exchangeable,0.02,500,5,50,0.14283080524206163,0.06287946645387285,0.10021571557074788,0.1953579337596893,0.021144000000000003,0.0005158294291720864,0.02076,0.021576,0.9999888,2.504396134802269e-05,0.9999663999999999,1.0,0.9159813304463649,0.012608859299229358,0.9066530955476273,0.9266765798317624,0.9159851672368522,0.012611689780840428,0.9066530955476274,0.9258518344272021,0.0217017768730051,0.00495785077428644,0.017411545904647014,0.0250885923245118,0.0011440000000000027
overlay,0.0,scale050_5split_headline,real_normal_eval,real_normal_split,real_normal_exchangeable,0.05,100,5,50,0.11547123052179813,0.050817384887949055,0.07925077091157437,0.15991231596469876,0.05108888888888889,0.001265594087795029,0.05012444444444444,0.05204888888888889,0.9999981333333334,4.173993557987232e-06,0.9999944,1.0,0.9201260995216703,0.010158934390255628,0.9125284890520234,0.928532082138309,0.920126739216717,0.010159384838510182,0.9125284890520234,0.9280722585016927,0.025705245168262586,0.0068237548451240415,0.019946316821232,0.030831586619417435,0.0010888888888888892
overlay,0.0,scale050_5split_headline,real_normal_eval,real_normal_split,real_normal_exchangeable,0.05,200,5,50,0.11363636708259581,0.050316928605303846,0.0795115342438221,0.15767764019966127,0.050280000000000005,0.001046631501532413,0.04950499999999999,0.051165,0.9999997333333333,5.962847940336407e-07,0.9999991999999999,1.0,0.9203641808488836,0.010030241693894333,0.9128671983598652,0.9281793469739984,0.9203642722637191,0.010030305635373531,0.9128671983598652,0.928179438388834,0.025793561034456756,0.006681885010434292,0.020317474678931365,0.030858679534544724,0.00028000000000000247
overlay,0.0,scale050_5split_headline,real_normal_eval,real_normal_split,real_normal_exchangeable,0.05,500,5,50,0.11236941361427306,0.04973581099412881,0.0788055049777031,0.1559739294052124,0.05044,0.001500133327407933,0.049328,0.051711999999999994,1.0,0.0,1.0,1.0,0.9205196117522046,0.009907567313251871,0.9131099287113734,0.9287142026608814,0.9205196117522046,0.009907567313251871,0.9131099287113734,0.9287142026608814,0.025932544170499384,0.006717140432859338,0.02020764532911106,0.030870793435371587,0.00043999999999999595
overlay,0.0,scale050_5split_headline,real_normal_eval,real_normal_split,real_normal_exchangeable,0.1,100,5,50,0.09591511684656143,0.04135895274352176,0.068648733407259,0.12983476091921328,0.09709333333333334,0.002154432697234611,0.09545333333333333,0.09872444444444445,1.0,0.0,1.0,1.0,0.9233215338267051,0.008312789028252077,0.9170655862988314,0.9299843923789345,0.9233215338267051,0.008312789028252077,0.9170655862988314,0.9299843923789345,0.02988735580185479,0.009617926869518862,0.02229188971826384,0.038125964462539894,-0.0029066666666666685
overlay,0.0,scale050_5split_headline,real_normal_eval,real_normal_split,real_normal_exchangeable,0.1,200,5,50,0.09444241853058338,0.04062118760000109,0.06769587478041648,0.12985597747564318,0.09964500000000001,0.0012494248676891261,0.09854,0.100535,1.0,0.0,1.0,1.0,0.9235819621437218,0.00818724990901619,0.9174169849332102,0.9301137014363581,0.9235819621437218,0.00818724990901619,0.9174169849332102,0.9301137014363581,0.03014350699942195,0.009768658360768016,0.02247148709442308,0.038561009324185075,-0.0003549999999999942
overlay,0.0,scale050_5split_headline,real_normal_eval,real_normal_split,real_normal_exchangeable,0.1,500,5,50,0.09382112132012844,0.040010444536748506,0.06728376004099847,0.12845069873332976,0.099984,0.00288494020735266,0.09787099999999999,0.102096,1.0,0.0,1.0,1.0,0.9237112972649706,0.008137187826441255,0.9175707898364915,0.9301532276476966,0.9237112972649706,0.008137187826441255,0.9175707898364915,0.9301532276476966,0.03021342582120686,0.009808066799965964,0.022484807358817766,0.03863062655507803,-1.6000000000002124e-05
single_only,0.0,scale050_5split_headline,real_normal_eval,real_normal_split,real_normal_exchangeable,0.005,200,5,50,0.8679981696605683,0.13300551305805686,0.7531488320827484,0.9528531956672668,0.004875,0.0007527034608662296,0.00431,0.00548,0.5470570666666668,0.15440413875109263,0.41946400000000006,0.6598312,0.3198156275720128,0.06761009065508275,0.2644395278785762,0.368721680165049,0.5377163874011861,0.05053093748204971,0.4998458944202314,0.576027173478518,0.005610646158486014,0.006699124842737638,0.0012946291688657671,0.011452914121993516,-0.0001250000000000001
single_only,0.0,scale050_5split_headline,real_normal_eval,real_normal_split,real_normal_exchangeable,0.005,500,5,50,0.8695976524353026,0.13359510407783068,0.7551049978733062,0.9534920778274536,0.004024,0.0005481605604200289,0.003616,0.004471999999999999,0.5474565333333333,0.1570826154483331,0.4224858666666667,0.6650746666666667,0.3201525031641844,0.06958240943706435,0.26336283569777735,0.3701208913076427,0.537589976513583,0.05004136153528014,0.4999925350882875,0.5764731900955606,0.005428736585488451,0.006222549395323723,0.0013356957953203148,0.01077926059966322,-0.0009760000000000003
single_only,0.0,scale050_5split_headline,real_normal_eval,real_normal_split,real_normal_exchangeable,0.01,100,5,50,0.8406176834106445,0.14475226956160153,0.7202786560058595,0.9446300644874572,0.009591111111111111,0.0013629669887219131,0.008528888888888888,0.010653333333333334,0.5882128,0.1670293086313497,0.4483869333333333,0.7045325333333333,0.3373255391411336,0.06966240492541065,0.27591238050569844,0.3833382529392283,0.534809834175132,0.05184712510762835,0.49532371537296155,0.5742959529773024,0.007296589509663475,0.009492101227713013,0.0015010681344090073,0.015555304229812262,-0.0004088888888888892
single_only,0.0,scale050_5split_headline,real_normal_eval,real_normal_split,real_normal_exchangeable,0.01,200,5,50,0.8335249803066253,0.1492839925980262,0.7108480279445647,0.943564130783081,0.009615,0.0006573146126475507,0.009060000000000002,0.010145,0.6006690666666666,0.17135638920721144,0.44887840000000007,0.7210845333333332,0.3426973099284793,0.06993344947864463,0.2817846549764013,0.3879447211099226,0.5335381625312553,0.05252487118741066,0.4932580383633032,0.5738182866992074,0.007832566789816281,0.010508930287540432,0.0015427882077961245,0.01717952197843625,-0.0003849999999999999
single_only,0.0,scale050_5split_headline,real_normal_eval,real_normal_split,real_normal_exchangeable,0.01,500,5,50,0.8298672757148744,0.15050587083353992,0.7079144175052643,0.9420323150157929,0.009271999999999999,0.0012271593213597004,0.008288,0.010207999999999998,0.6076882666666666,0.1745792088051215,0.4575458666666667,0.7315245333333333,0.3455526321004651,0.07035425265968286,0.2834721530568409,0.3909845880770363,0.5327448437581428,0.053208910133591074,0.4917851529374614,0.5737045345788241,0.008060217648093695,0.010891513413583303,0.0016279876347734298,0.01759149513684687,-0.0007280000000000012
single_only,0.0,scale050_5split_headline,real_normal_eval,real_normal_split,real_normal_exchangeable,0.02,100,5,50,0.8044470101594925,0.16966564885563656,0.6725887626409531,0.9349864757061004,0.019244444444444446,0.00198544083483794,0.017866666666666666,0.02096888888888889,0.635832,0.1898690234474515,0.47107493333333333,0.7728237333333332,0.358164713434087,0.07519369099472212,0.2902023671366266,0.40668423327834696,0.5327854651510455,0.05250951902309289,0.49238417796484935,0.5731867523372415,0.009422302646460077,0.012962676235155632,0.0017426927040136721,0.021004951117142928,-0.0007555555555555545
single_only,0.0,scale050_5split_headline,real_normal_eval,real_normal_split,real_normal_exchangeable,0.02,200,5,50,0.7983696141242981,0.17582942757323014,0.6622037537097931,0.934535474538803,0.019274999999999997,0.0013126785592825086,0.018274999999999996,0.020329999999999997,0.6432456,0.19555582743986152,0.4740392,0.7853141333333333,0.36141627961047407,0.0769367126482096,0.2932965801381871,0.4119025543376587,0.5325205358310351,0.05263370419997134,0.49199838828004683,0.5730426833820232,0.00980522254894569,0.01369200896801775,0.0017486239915554549,0.02207097438990676,-0.0007250000000000034
single_only,0.0,scale050_5split_headline,real_normal_eval,real_normal_split,real_normal_exchangeable,0.02,500,5,50,0.7937956984043122,0.1795203742551635,0.6540137226581574,0.9335776741504669,0.019712,0.0021349285702336753,0.018008,0.021336,0.6483952000000001,0.2000015117689531,0.4752005333333333,0.7938346666666667,0.36363450742508147,0.0784871397496771,0.2951041236528664,0.41552190835826447,0.5324649159123066,0.0526206240119856,0.4919514339323642,0.5729783978922489,0.010063183291864586,0.01414890517454391,0.0017749629294528638,0.02274100882153359,-0.00028800000000000006
single_only,0.0,scale050_5split_headline,real_normal_eval,real_normal_split,real_normal_exchangeable,0.05,100,5,50,0.7648266186714172,0.19966727824701141,0.6099882698059083,0.9196649675369262,0.04976888888888889,0.0036104990934362085,0.046942222222222225,0.05259555555555555,0.6791125333333333,0.2059115421180227,0.5000077333333334,0.8273746666666668,0.37839794739764054,0.0814471472801374,0.3068472870598095,0.4310675347824658,0.5333329348971939,0.050065934930262346,0.4949395972842744,0.5717262725101134,0.011387117042398653,0.015434682439259897,0.002016989620246802,0.02523798034632687,-0.0002311111111111125
single_only,0.0,scale050_5split_headline,real_normal_eval,real_normal_split,real_normal_exchangeable,0.05,200,5,50,0.7648382853269576,0.19824566579941347,0.6109854476451874,0.9186911230087279,0.04950500000000001,0.0009660486530190908,0.048715,0.050165,0.6802437333333333,0.204295677568676,0.5018565333333335,0.8267013333333333,0.3790267806673865,0.08078133585974286,0.30815861037352493,0.43078201223625223,0.533210313625673,0.04996449073367337,0.49488652420601803,0.5715341030453278,0.011381336550302847,0.015478215080872007,0.00202749503631657,0.025274623639699418,-0.0004949999999999954
single_only,0.0,scale050_5split_headline,real_normal_eval,real_normal_split,real_normal_exchangeable,0.05,500,5,50,0.763899335026741,0.19859065611790258,0.6099174337387085,0.9178812363147735,0.048672,0.0037243415525432147,0.045832,0.051463999999999996,0.6813565333333333,0.2042351189271816,0.5027965333333333,0.8275085333333333,0.37954162456320656,0.08081248914431804,0.30839359894808155,0.4311213918425126,0.533204189655699,0.04988021030892282,0.49495265716366416,0.5714557221477341,0.011397220337279147,0.015438103479597893,0.0020366935585211994,0.02524712860338284,-0.0013280000000000028
single_only,0.0,scale050_5split_headline,real_normal_eval,real_normal_split,real_normal_exchangeable,0.1,100,5,50,0.741398613333702,0.21041319521212581,0.5768269928693772,0.9033150298595428,0.09873333333333334,0.004644922888700664,0.09508,0.10282222222222222,0.7043125333333333,0.20591647654889375,0.528532,0.8498496,0.39059460294679776,0.08206709279933518,0.3174617672566614,0.44138515349464946,0.5338095531456883,0.04828188592935748,0.4968498241579991,0.5707692821333776,0.012347834828721507,0.016004675911290272,0.002296212521048531,0.026520093493176505,-0.001266666666666666
single_only,0.0,scale050_5split_headline,real_normal_eval,real_normal_split,real_normal_exchangeable,0.1,200,5,50,0.7410604085922241,0.20908505341106498,0.5780203232765198,0.90215216588974,0.09967,0.0019779566476543376,0.097915,0.10081499999999999,0.7052736000000001,0.20511221624033568,0.5310528,0.8496197333333335,0.39107513465208427,0.08180714589420122,0.3181899339413929,0.4412650470678929,0.5337383727159414,0.0482278100238196,0.49678865107816395,0.5706880943537187,0.012344718389504638,0.016017450743503702,0.0023198874060670035,0.026573424815903895,-0.00033000000000001084
single_only,0.0,scale050_5split_headline,real_normal_eval,real_normal_split,real_normal_exchangeable,0.1,500,5,50,0.7402460610866546,0.208702461284654,0.5769647388458252,0.9008118391036988,0.100064,0.00462468161066251,0.09595200000000001,0.10319199999999999,0.7065104,0.20456501627578239,0.5338557333333334,0.8499429333333334,0.3916439554346009,0.08166947332537808,0.3187577673331617,0.44126801339672317,0.53365816496074,0.04826693352683554,0.49664569096959293,0.5706706389518871,0.012352961873884741,0.015965123376898274,0.002341350624544472,0.02652119932644701,6.399999999999462e-05
