tag,arm,cell_layout,grid,n_groups,neg_target,seed,real_bitF1,normal_FAR,best_ep,bitF1_farq01,bitF1_farq05,bitF1_farq10
cutmix_neg0.05,cutmix,n/a,9,3,0.05,0,0.8250691956837081,0.588,22,0.6982440465475158,0.7229910009592823,0.7346869186868711
cutmix_neg0.05,cutmix,n/a,9,3,0.05,1,0.8394179049667465,0.083,23,0.8229810883446004,0.8338952754710339,0.8419951065451613
cutmix_neg0.05,cutmix,n/a,9,3,0.05,2,0.796238183917176,0.127,22,0.7646889986682185,0.782394202244867,0.7923696131691069
cutmix_neg0.10,cutmix,n/a,9,3,0.1,0,0.8544897800517791,0.787,22,0.6737845839563513,0.6977851524017583,0.7099241754920174
cutmix_neg0.10,cutmix,n/a,9,3,0.1,1,0.8234994981776609,0.343,21,0.7550845399827287,0.7785313185856032,0.7902026370744212
cutmix_neg0.10,cutmix,n/a,9,3,0.1,2,0.8361702186755741,0.092,22,0.8186376346917399,0.8310466211410041,0.8364814437352336
cutmix_neg0.20,cutmix,n/a,9,3,0.2,0,0.8611186841309887,0.721,25,0.7752861104512774,0.7904364833234784,0.8026787004187602
cutmix_neg0.20,cutmix,n/a,9,3,0.2,1,0.8491681728520755,0.043,19,0.840249862652929,0.8500994222337327,0.8533705117086307
cutmix_neg0.20,cutmix,n/a,9,3,0.2,2,0.8556699639224282,0.096,22,0.8404690481735604,0.8504348589032543,0.856086234719041
fcmpm_cb_g2_grid6_neg0.05,fcm_pm,checkerboard,6,2,0.05,0,0.7516157489193742,0.135,23,0.7127408577220025,0.7346701982486902,0.7460484647363356
fcmpm_cb_g2_grid6_neg0.05,fcm_pm,checkerboard,6,2,0.05,1,0.7655558487379849,0.065,20,0.7323764921310572,0.7617020972887243,0.7757957940938286
fcmpm_cb_g2_grid6_neg0.05,fcm_pm,checkerboard,6,2,0.05,2,0.760272672014156,0.021,21,0.7404611342413149,0.7774822734955446,0.7859745824863426
fcmpm_cb_g2_grid6_neg0.10,fcm_pm,checkerboard,6,2,0.1,0,0.7773450671474275,0.044,21,0.7561586525603717,0.7791906022716796,0.7872789454142427
fcmpm_cb_g2_grid6_neg0.10,fcm_pm,checkerboard,6,2,0.1,1,0.7875669643776488,0.037,20,0.7707104549030052,0.7925306942813237,0.8037106629818953
fcmpm_cb_g2_grid6_neg0.10,fcm_pm,checkerboard,6,2,0.1,2,0.7741406358319574,0.004,18,0.7925912736006802,0.7987543124646508,0.8025175421730757
fcmpm_cb_g2_grid6_neg0.20,fcm_pm,checkerboard,6,2,0.2,0,0.8066826046862201,0.163,21,0.7776509621428711,0.7932470816055766,0.8023725055626104
fcmpm_cb_g2_grid6_neg0.20,fcm_pm,checkerboard,6,2,0.2,1,0.7965177002628244,0.315,25,0.7158280812103399,0.7509580071844838,0.7664758122439165
fcmpm_cb_g2_grid6_neg0.20,fcm_pm,checkerboard,6,2,0.2,2,0.7884702124557782,0.049,18,0.7754949967017642,0.7884702124557782,0.7929921833414855
fcmpm_cb_g2_grid8_neg0.05,fcm_pm,checkerboard,8,2,0.05,0,0.7655581339745464,0.042,24,0.743165143411641,0.766591420452288,0.778947215344218
fcmpm_cb_g2_grid8_neg0.05,fcm_pm,checkerboard,8,2,0.05,1,0.7184895032697534,0.007,22,0.7222448522972845,0.7354296715333323,0.7394639341543195
fcmpm_cb_g2_grid8_neg0.05,fcm_pm,checkerboard,8,2,0.05,2,0.7526472449476996,0.001,23,0.7758770491492758,0.7850967035117415,0.789870448683691
fcmpm_cb_g2_grid8_neg0.10,fcm_pm,checkerboard,8,2,0.1,0,0.772512444560986,0.02,22,0.7681968415060408,0.7893581207149943,0.7960064055439613
fcmpm_cb_g2_grid8_neg0.10,fcm_pm,checkerboard,8,2,0.1,1,0.7384682302869535,0.035,22,0.7256015166653543,0.7408700544586994,0.7468480926382481
fcmpm_cb_g2_grid8_neg0.10,fcm_pm,checkerboard,8,2,0.1,2,0.7715536116957039,0.001,23,0.784124358991566,0.7920209441470502,0.7959549348032459
fcmpm_cb_g2_grid8_neg0.20,fcm_pm,checkerboard,8,2,0.2,0,0.8039205657546243,0.051,22,0.7850651670348731,0.8038139410294055,0.8109160204097067
fcmpm_cb_g2_grid8_neg0.20,fcm_pm,checkerboard,8,2,0.2,1,0.7704299801815037,0.011,22,0.7701101910511262,0.779769616533159,0.7844547955024895
fcmpm_cb_g2_grid8_neg0.20,fcm_pm,checkerboard,8,2,0.2,2,0.7736430022082993,0.004,23,0.7821756126338806,0.7893642866152727,0.7918092049020191
fcmpm_cb_g2_grid10_neg0.05,fcm_pm,checkerboard,10,2,0.05,0,0.7439238303196837,0.132,23,0.6668571836541406,0.7088919082358852,0.7330719221055347
fcmpm_cb_g2_grid10_neg0.05,fcm_pm,checkerboard,10,2,0.05,1,0.7370375402445687,0.087,24,0.675351763401776,0.7236825446935718,0.7409778172783271
fcmpm_cb_g2_grid10_neg0.05,fcm_pm,checkerboard,10,2,0.05,2,0.733419273142215,0.0,25,0.770916851606716,0.7721541671573023,0.7721033216773655
fcmpm_cb_g2_grid10_neg0.10,fcm_pm,checkerboard,10,2,0.1,0,0.7400116474390326,0.191,18,0.6707967869064656,0.7110903476102552,0.7229425408126623
fcmpm_cb_g2_grid10_neg0.10,fcm_pm,checkerboard,10,2,0.1,1,0.7563365415133713,0.02,25,0.7495216386435605,0.7650247966250409,0.7718733448934575
fcmpm_cb_g2_grid10_neg0.10,fcm_pm,checkerboard,10,2,0.1,2,0.7557736390480937,0.004,25,0.7642880697484812,0.7740585833086105,0.775924003979341
fcmpm_cb_g2_grid10_neg0.20,fcm_pm,checkerboard,10,2,0.2,0,0.7883792822053678,0.136,23,0.7424078489648825,0.775203013974879,0.7849936415290174
fcmpm_cb_g2_grid10_neg0.20,fcm_pm,checkerboard,10,2,0.2,1,0.7630621898247267,0.002,25,0.7783100829444928,0.7844972113721579,0.785781023214255
fcmpm_cb_g2_grid10_neg0.20,fcm_pm,checkerboard,10,2,0.2,2,0.7499688343651766,0.03,25,0.7307186881322724,0.7552890293137039,0.7607940789818793
fcmpm_cb_g3_grid6_neg0.05,fcm_pm,checkerboard,6,3,0.05,0,0.7684541394444255,0.456,23,0.722710325070214,0.7356409630645223,0.7435848785418343
fcmpm_cb_g3_grid6_neg0.05,fcm_pm,checkerboard,6,3,0.05,1,0.754047687571782,0.567,23,0.6329512279261419,0.6707511176774226,0.688111680817001
fcmpm_cb_g3_grid6_neg0.05,fcm_pm,checkerboard,6,3,0.05,2,0.7586925391776561,0.017,25,0.7531067935438241,0.7774199408767046,0.7842074173785679
fcmpm_cb_g3_grid6_neg0.10,fcm_pm,checkerboard,6,3,0.1,0,0.7703544012497702,0.458,23,0.7314738405587128,0.7486537634597427,0.7528033959869197
fcmpm_cb_g3_grid6_neg0.10,fcm_pm,checkerboard,6,3,0.1,1,0.7483348967974321,0.384,18,0.7004701051773,0.7236935609506933,0.7335078499538751
fcmpm_cb_g3_grid6_neg0.10,fcm_pm,checkerboard,6,3,0.1,2,0.7664509102781664,0.006,25,0.7700751615558832,0.7847183139524766,0.7892038525870166
fcmpm_cb_g3_grid6_neg0.20,fcm_pm,checkerboard,6,3,0.2,0,0.7867565416534773,0.45,23,0.7540830895846495,0.7642469466077234,0.7696563093525434
fcmpm_cb_g3_grid6_neg0.20,fcm_pm,checkerboard,6,3,0.2,1,0.7932319484974565,0.599,24,0.678994779745904,0.7154170388056219,0.7324532146555237
fcmpm_cb_g3_grid6_neg0.20,fcm_pm,checkerboard,6,3,0.2,2,0.7976029498110196,0.026,25,0.784319471080528,0.8055130122504727,0.8101484608834989
fcmpm_cb_g3_grid9_neg0.05,fcm_pm,checkerboard,9,3,0.05,0,0.7460847600980803,0.124,25,0.6701156647993652,0.7187333278123088,0.7395523573313972
fcmpm_cb_g3_grid9_neg0.05,fcm_pm,checkerboard,9,3,0.05,1,0.7305398211306459,0.028,23,0.7195383743207194,0.7389075208782608,0.7466363041124805
fcmpm_cb_g3_grid9_neg0.05,fcm_pm,checkerboard,9,3,0.05,2,0.7262229553614623,0.005,25,0.7325120128333092,0.7445575760973223,0.7549625243608903
fcmpm_cb_g3_grid9_neg0.10,fcm_pm,checkerboard,9,3,0.1,0,0.761748911502616,0.071,25,0.7225343620842093,0.756280718086949,0.7706037440220358
fcmpm_cb_g3_grid9_neg0.10,fcm_pm,checkerboard,9,3,0.1,1,0.749407066357798,0.112,25,0.7019532636508891,0.7356767395946323,0.7472509339119876
fcmpm_cb_g3_grid9_neg0.10,fcm_pm,checkerboard,9,3,0.1,2,0.7749633605431977,0.009,25,0.7785583204396719,0.7976475477085301,0.8024872048707662
fcmpm_cb_g3_grid9_neg0.20,fcm_pm,checkerboard,9,3,0.2,0,0.7841485114289335,0.013,25,0.7746257013370332,0.7973438607982627,0.8012170304436596
fcmpm_cb_g3_grid9_neg0.20,fcm_pm,checkerboard,9,3,0.2,1,0.767200924840065,0.169,18,0.7194134466598746,0.7492491406355152,0.7610962398440302
fcmpm_cb_g3_grid9_neg0.20,fcm_pm,checkerboard,9,3,0.2,2,0.7983465515423607,0.122,23,0.7751307018547191,0.7896915817961663,0.7965454026745603
fcmpm_cb_g3_grid12_neg0.05,fcm_pm,checkerboard,12,3,0.05,0,0.7235745076679799,0.172,25,0.6657032268462258,0.6930163116994107,0.7115184967478855
fcmpm_cb_g3_grid12_neg0.05,fcm_pm,checkerboard,12,3,0.05,1,0.7245775030416265,0.071,25,0.6868138403426571,0.7148627411622864,0.730844582104161
fcmpm_cb_g3_grid12_neg0.05,fcm_pm,checkerboard,12,3,0.05,2,0.7124554270697976,0.003,18,0.7463813447452798,0.7539154319907758,0.7554862585106918
fcmpm_cb_g3_grid12_neg0.10,fcm_pm,checkerboard,12,3,0.1,0,0.7380321701188889,0.051,25,0.707846163596646,0.7377763701554972,0.7502913209848244
fcmpm_cb_g3_grid12_neg0.10,fcm_pm,checkerboard,12,3,0.1,1,0.7314715022937804,0.132,22,0.686439789857308,0.7139030354060735,0.7243122241501306
fcmpm_cb_g3_grid12_neg0.10,fcm_pm,checkerboard,12,3,0.1,2,0.72627170254463,0.014,25,0.7111954066923739,0.7515128986022547,0.7592398531791084
fcmpm_cb_g3_grid12_neg0.20,fcm_pm,checkerboard,12,3,0.2,0,0.7749304009257297,0.185,25,0.7242592975839965,0.751952325877313,0.7645455433168951
fcmpm_cb_g3_grid12_neg0.20,fcm_pm,checkerboard,12,3,0.2,1,0.7342624727802329,0.196,23,0.7010438390357212,0.7215375825100311,0.7291480342407332
fcmpm_cb_g3_grid12_neg0.20,fcm_pm,checkerboard,12,3,0.2,2,0.7544043345675696,0.041,24,0.7348368283248058,0.7578170716278079,0.7677077293847177
fcmpm_cb_g3_grid15_neg0.05,fcm_pm,checkerboard,15,3,0.05,0,0.6851765280384893,0.05,20,0.6662255224010335,0.6852671287041381,0.6973971374468017
fcmpm_cb_g3_grid15_neg0.05,fcm_pm,checkerboard,15,3,0.05,1,0.7264932364963482,0.034,25,0.7024474740775921,0.7320152216141738,0.7380485651738641
fcmpm_cb_g3_grid15_neg0.05,fcm_pm,checkerboard,15,3,0.05,2,0.7218510243394379,0.002,25,0.7338693149585468,0.7478828266920575,0.7518894172288948
fcmpm_cb_g3_grid15_neg0.10,fcm_pm,checkerboard,15,3,0.1,0,0.7023410849480882,0.09,20,0.6662870319686488,0.6884080231837558,0.7042162929645622
fcmpm_cb_g3_grid15_neg0.10,fcm_pm,checkerboard,15,3,0.1,1,0.7295968651231736,0.095,24,0.7103057024517164,0.7235018967454728,0.7300922669191093
fcmpm_cb_g3_grid15_neg0.10,fcm_pm,checkerboard,15,3,0.1,2,0.7318506403255394,0.005,25,0.7383488510706258,0.7645065364980462,0.7701935598119176
fcmpm_cb_g3_grid15_neg0.20,fcm_pm,checkerboard,15,3,0.2,0,0.7426033812135476,0.098,20,0.7196890878618077,0.7380685594430169,0.7430077273777148
fcmpm_cb_g3_grid15_neg0.20,fcm_pm,checkerboard,15,3,0.2,1,0.7413262407741468,0.09,25,0.6830737202910709,0.7287500259447524,0.7441497105223478
fcmpm_cb_g3_grid15_neg0.20,fcm_pm,checkerboard,15,3,0.2,2,0.7748647793758531,0.05,25,0.7524803489345588,0.7748647793758531,0.7836900805065191
fcmpm_cb_g4_grid8_neg0.05,fcm_pm,checkerboard,8,4,0.05,0,0.7668653429183797,0.13,22,0.7286027371654865,0.7542644989374906,0.7638169420752994
fcmpm_cb_g4_grid8_neg0.05,fcm_pm,checkerboard,8,4,0.05,1,0.7548191416686968,0.206,24,0.6976540078460157,0.72718984515544,0.7432688082825148
fcmpm_cb_g4_grid8_neg0.05,fcm_pm,checkerboard,8,4,0.05,2,0.747072405630591,0.002,25,0.7675364228674736,0.7759700492490458,0.7786708110543219
fcmpm_cb_g4_grid8_neg0.10,fcm_pm,checkerboard,8,4,0.1,0,0.7714820354319786,0.091,22,0.7332723290581672,0.760567706389165,0.7724424655796579
fcmpm_cb_g4_grid8_neg0.10,fcm_pm,checkerboard,8,4,0.1,1,0.7715263183716647,0.203,24,0.7095031156947171,0.7411749834184863,0.7554125287229012
fcmpm_cb_g4_grid8_neg0.10,fcm_pm,checkerboard,8,4,0.1,2,0.7456794485451496,0.006,25,0.7588295243480045,0.770529476535971,0.7766841463859401
fcmpm_cb_g4_grid8_neg0.20,fcm_pm,checkerboard,8,4,0.2,0,0.7925039211630295,0.046,25,0.7810412957135356,0.7926149670496713,0.7970075940430341
fcmpm_cb_g4_grid8_neg0.20,fcm_pm,checkerboard,8,4,0.2,1,0.7567698593521025,0.67,24,0.6495917033009962,0.6909554744164844,0.7056902164775641
fcmpm_cb_g4_grid8_neg0.20,fcm_pm,checkerboard,8,4,0.2,2,0.7591680536502933,0.0,25,0.7781892911647583,0.7899402386800846,0.7923373129868571
fcmpm_cb_g4_grid12_neg0.05,fcm_pm,checkerboard,12,4,0.05,0,0.7507113918674863,0.224,23,0.6759696292113629,0.7080874886336916,0.7252475227382695
fcmpm_cb_g4_grid12_neg0.05,fcm_pm,checkerboard,12,4,0.05,1,0.7153356942331631,0.103,24,0.6531319887495636,0.6985719076591885,0.7141613109370349
fcmpm_cb_g4_grid12_neg0.05,fcm_pm,checkerboard,12,4,0.05,2,0.7243316134483012,0.007,23,0.7332531773311973,0.7587509009273258,0.7627143308276728
fcmpm_cb_g4_grid12_neg0.10,fcm_pm,checkerboard,12,4,0.1,0,0.7748313393513655,0.136,22,0.7201146312686579,0.7563266418255856,0.7683498681931681
fcmpm_cb_g4_grid12_neg0.10,fcm_pm,checkerboard,12,4,0.1,1,0.7497713970634167,0.002,24,0.7654768779165954,0.7739812920143736,0.7730222875894385
fcmpm_cb_g4_grid12_neg0.10,fcm_pm,checkerboard,12,4,0.1,2,0.7394729366288617,0.005,25,0.7472787257762753,0.7568609599692414,0.7614786825683203
fcmpm_cb_g4_grid12_neg0.20,fcm_pm,checkerboard,12,4,0.2,0,0.7928174820395278,0.244,22,0.7471477903063714,0.77163038561516,0.7824939146668358
fcmpm_cb_g4_grid12_neg0.20,fcm_pm,checkerboard,12,4,0.2,1,0.7376530426844506,0.334,24,0.6607238775859233,0.6972255992819796,0.7104853685124027
fcmpm_cb_g4_grid12_neg0.20,fcm_pm,checkerboard,12,4,0.2,2,0.7436930245783352,0.217,23,0.7201767223480098,0.7290884225038391,0.7348388125183063
fcmpm_cb_g4_grid16_neg0.05,fcm_pm,checkerboard,16,4,0.05,0,0.7292246113254482,0.013,25,0.7272431765193209,0.7413191491916741,0.7452097476131366
fcmpm_cb_g4_grid16_neg0.05,fcm_pm,checkerboard,16,4,0.05,1,0.6730018345238383,0.017,24,0.6574863757524081,0.6936798082046628,0.706974269658887
fcmpm_cb_g4_grid16_neg0.05,fcm_pm,checkerboard,16,4,0.05,2,0.6641829710896682,0.001,23,0.6933264270473741,0.7160051287158522,0.7253475441641782
fcmpm_cb_g4_grid16_neg0.10,fcm_pm,checkerboard,16,4,0.1,0,0.7329742642300329,0.226,23,0.6282707631520751,0.678913592818796,0.6977314725840439
fcmpm_cb_g4_grid16_neg0.10,fcm_pm,checkerboard,16,4,0.1,1,0.7098235725353995,0.029,24,0.6909633178440348,0.7202755065300174,0.734345167871949
fcmpm_cb_g4_grid16_neg0.10,fcm_pm,checkerboard,16,4,0.1,2,0.688675996046083,0.008,23,0.6924388154760837,0.7117680111014787,0.7199171498089746
fcmpm_cb_g4_grid16_neg0.20,fcm_pm,checkerboard,16,4,0.2,0,0.7598473352343701,0.357,25,0.7254792821913033,0.7399991484136738,0.7434099799973487
fcmpm_cb_g4_grid16_neg0.20,fcm_pm,checkerboard,16,4,0.2,1,0.7398847592774659,0.214,24,0.675804751202513,0.7048667036906044,0.7221633344183859
fcmpm_cb_g4_grid16_neg0.20,fcm_pm,checkerboard,16,4,0.2,2,0.7427202117727317,0.023,23,0.7389491874217634,0.7501666860437396,0.7536450705630813
fcmpm_cb_g4_grid20_neg0.05,fcm_pm,checkerboard,20,4,0.05,0,0.6885613990415176,0.469,23,0.5619098030008834,0.6040991299435864,0.6257902472350859
fcmpm_cb_g4_grid20_neg0.05,fcm_pm,checkerboard,20,4,0.05,1,0.7013347476959986,0.356,25,0.6057369336324289,0.6441415048622322,0.661805245615697
fcmpm_cb_g4_grid20_neg0.05,fcm_pm,checkerboard,20,4,0.05,2,0.6890195719350992,0.003,24,0.7183980740727511,0.7439400344767287,0.750973139521847
fcmpm_cb_g4_grid20_neg0.10,fcm_pm,checkerboard,20,4,0.1,0,0.7216804039122154,0.414,23,0.6158653644998092,0.6467521857340117,0.6662237550017266
fcmpm_cb_g4_grid20_neg0.10,fcm_pm,checkerboard,20,4,0.1,1,0.708694869284996,0.032,24,0.697818702781058,0.7246404132422168,0.740582788607299
fcmpm_cb_g4_grid20_neg0.10,fcm_pm,checkerboard,20,4,0.1,2,0.66654780578803,0.013,16,0.6648382892606735,0.6797089963505152,0.6861815556352449
fcmpm_cb_g4_grid20_neg0.20,fcm_pm,checkerboard,20,4,0.2,0,0.7325579843939471,0.58,20,0.6010953706952827,0.6339046286706808,0.6518139672483836
fcmpm_cb_g4_grid20_neg0.20,fcm_pm,checkerboard,20,4,0.2,1,0.7216951779877263,0.356,24,0.6426983944617198,0.6795053779425092,0.6977652026746185
fcmpm_cb_g4_grid20_neg0.20,fcm_pm,checkerboard,20,4,0.2,2,0.7290284147850477,0.1,24,0.6882667734065556,0.7195767253669455,0.7291572568758101
fcmpm_rand_g3_grid9_neg0.10,fcm_pm,random,9,3,0.1,0,0.7002310374755106,0.548,13,0.594068345937906,0.6275481314686011,0.6449148653636764
fcmpm_rand_g3_grid9_neg0.10,fcm_pm,random,9,3,0.1,1,0.766036950601798,0.145,23,0.7300842291902034,0.7547578286028432,0.7618116855702365
fcmpm_rand_g3_grid9_neg0.10,fcm_pm,random,9,3,0.1,2,0.7764001657350641,0.014,25,0.7744954058464542,0.7935681001961647,0.8001285941261059
fcmpm_rand_g3_grid9_neg0.20,fcm_pm,random,9,3,0.2,0,0.7834136235811027,0.648,24,0.6884423953466524,0.7204648920946527,0.7350226265807237
fcmpm_rand_g3_grid9_neg0.20,fcm_pm,random,9,3,0.2,1,0.7696702553409236,0.437,25,0.6899341804709684,0.7196779648663137,0.7325867535443821
fcmpm_rand_g3_grid9_neg0.20,fcm_pm,random,9,3,0.2,2,0.7935885966866233,0.085,25,0.7758453007055636,0.7877703153904752,0.7952193549326737
