chain,iter,tag,variant,bit_F1,ni_far_pct,ood_far_pct,total_far_pct,seed,LS,source
v5,1,iter50_clone_seed99_v3,I3,0.8880,1.30,5.16,2.23,99,0.30,outputs/iter50_clone_seed99_v3/20260516_073008_T7_iter50_clone_seed99_v3/eval_n2000_pred/stage1_260516_080044/preds_chip.parquet
v5,1,iter50_clone_seed99_v3,I7,0.8757,1.55,7.50,2.99,99,0.30,outputs/iter50_clone_seed99_v3/20260516_073008_T7_iter50_clone_seed99_v3/eval_n2000_pred/stage1_260516_080044/preds_chip.parquet
v5,1,iter50_clone_seed99_v3,I10,0.8778,0.00,0.16,0.04,99,0.30,outputs/iter50_clone_seed99_v3/20260516_073008_T7_iter50_clone_seed99_v3/eval_n2000_pred/stage1_260516_080044/preds_chip.parquet
v5,1,iter50_clone_seed99_v3,I13,0.8634,0.00,0.16,0.04,99,0.30,outputs/iter50_clone_seed99_v3/20260516_073008_T7_iter50_clone_seed99_v3/eval_n2000_pred/stage1_260516_080044/preds_chip.parquet
v5,2,iter50_clone_seed42_v4,I3,0.9596,8.10,13.59,9.43,42,0.30,outputs/iter50_clone_seed42_v4/20260516_105111_T7_iter50_clone_seed42_v4/eval_n2000_pred/stage1_260516_115724/preds_chip.parquet
v5,2,iter50_clone_seed42_v4,I7,0.9532,4.80,9.22,5.87,42,0.30,outputs/iter50_clone_seed42_v4/20260516_105111_T7_iter50_clone_seed42_v4/eval_n2000_pred/stage1_260516_115724/preds_chip.parquet
v5,2,iter50_clone_seed42_v4,I10,0.9583,0.00,1.25,0.30,42,0.30,outputs/iter50_clone_seed42_v4/20260516_105111_T7_iter50_clone_seed42_v4/eval_n2000_pred/stage1_260516_115724/preds_chip.parquet
v5,2,iter50_clone_seed42_v4,I13,0.9320,0.00,1.09,0.27,42,0.30,outputs/iter50_clone_seed42_v4/20260516_105111_T7_iter50_clone_seed42_v4/eval_n2000_pred/stage1_260516_115724/preds_chip.parquet
v5,3,iter50_clone_seed07_v4,I3,0.8757,100.00,100.00,100.00,7,0.30,outputs/iter50_clone_seed07_v4/20260516_103926_T7_iter50_clone_seed07_v4/eval_n2000_pred/stage1_260516_121239/preds_chip.parquet
v5,3,iter50_clone_seed07_v4,I7,0.8633,100.00,100.00,100.00,7,0.30,outputs/iter50_clone_seed07_v4/20260516_103926_T7_iter50_clone_seed07_v4/eval_n2000_pred/stage1_260516_121239/preds_chip.parquet
v5,3,iter50_clone_seed07_v4,I10,0.8787,19.40,14.53,18.22,7,0.30,outputs/iter50_clone_seed07_v4/20260516_103926_T7_iter50_clone_seed07_v4/eval_n2000_pred/stage1_260516_121239/preds_chip.parquet
v5,3,iter50_clone_seed07_v4,I13,0.7864,23.65,19.06,22.54,7,0.30,outputs/iter50_clone_seed07_v4/20260516_103926_T7_iter50_clone_seed07_v4/eval_n2000_pred/stage1_260516_121239/preds_chip.parquet
v5,4,iter50_clone_LS025_s1_v4,I3,0.8697,69.95,80.62,72.54,1,0.25,outputs/iter50_clone_LS025_s1_v4/20260516_113254_T7_iter50_clone_LS025_s1_v4/eval_n2000_pred/stage1_260516_122822/preds_chip.parquet
v5,4,iter50_clone_LS025_s1_v4,I7,0.8695,69.80,80.78,72.46,1,0.25,outputs/iter50_clone_LS025_s1_v4/20260516_113254_T7_iter50_clone_LS025_s1_v4/eval_n2000_pred/stage1_260516_122822/preds_chip.parquet
v5,4,iter50_clone_LS025_s1_v4,I10,0.9121,0.05,1.56,0.42,1,0.25,outputs/iter50_clone_LS025_s1_v4/20260516_113254_T7_iter50_clone_LS025_s1_v4/eval_n2000_pred/stage1_260516_122822/preds_chip.parquet
v5,4,iter50_clone_LS025_s1_v4,I13,0.8839,0.05,0.94,0.27,1,0.25,outputs/iter50_clone_LS025_s1_v4/20260516_113254_T7_iter50_clone_LS025_s1_v4/eval_n2000_pred/stage1_260516_122822/preds_chip.parquet
v6,1,iter116J_clone_s11,I3,0.8582,100.00,100.00,100.00,11,0.30,outputs/iter116J_clone_s11/20260517_082231_T7_iter116J_clone_s11/eval_n2000_pred/stage1_260517_084417/preds_chip.parquet
v6,1,iter116J_clone_s11,I7,0.8420,100.00,100.00,100.00,11,0.30,outputs/iter116J_clone_s11/20260517_082231_T7_iter116J_clone_s11/eval_n2000_pred/stage1_260517_084417/preds_chip.parquet
v6,1,iter116J_clone_s11,I10,0.8456,72.65,63.91,70.53,11,0.30,outputs/iter116J_clone_s11/20260517_082231_T7_iter116J_clone_s11/eval_n2000_pred/stage1_260517_084417/preds_chip.parquet
v6,1,iter116J_clone_s11,I13,0.7469,68.15,46.41,62.88,11,0.30,outputs/iter116J_clone_s11/20260517_082231_T7_iter116J_clone_s11/eval_n2000_pred/stage1_260517_084417/preds_chip.parquet
v7,1,ensemble_3stud_vote_majority,I10,0.9936,0.00,0.00,0.00,1+77+1KD,0.30,outputs/_ensemble_v7_5mode.json
v7,1,ensemble_3stud_vote_unanimous,I10,0.9495,0.00,0.00,0.00,1+77+1KD,0.30,outputs/_ensemble_v7_5mode.json
v7,1,ensemble_3stud_vote_intersection_bits,I10,0.9735,0.00,0.00,0.00,1+77+1KD,0.30,outputs/_ensemble_v7_5mode.json
v7,1,ensemble_3stud_vote_union_bits,I10,0.9965,0.40,1.88,0.76,1+77+1KD,0.30,outputs/_ensemble_v7_5mode.json
v7,1,ensemble_3stud_vote_majority_bits,I10,0.9941,0.00,0.00,0.00,1+77+1KD,0.30,outputs/_ensemble_v7_5mode.json
v8,1,ensemble_3stud_v8_vote_majority,I10,0.9936,0.00,0.00,0.00,1+77+1KD,0.30,outputs/_ensemble_v8_g_s77_kdv7_I10.json
v8,1,ensemble_3stud_v8_vote_unanimous,I10,0.9495,0.00,0.00,0.00,1+77+1KD,0.30,outputs/_ensemble_v8_g_s77_kdv7_I10.json
v8,1,ensemble_3stud_v8_vote_intersection_bits,I10,0.9735,0.00,0.00,0.00,1+77+1KD,0.30,outputs/_ensemble_v8_g_s77_kdv7_I10.json
v8,1,ensemble_3stud_v8_vote_union_bits,I10,0.9965,0.40,1.88,0.76,1+77+1KD,0.30,outputs/_ensemble_v8_g_s77_kdv7_I10.json
v8,1,ensemble_3stud_v8_vote_majority_bits,I10,0.9941,0.00,0.00,0.00,1+77+1KD,0.30,outputs/_ensemble_v8_g_s77_kdv7_I10.json
v8,1,ensemble_3stud_v8_vote_majority,I13,0.9595,0.00,0.00,0.00,1+77+1KD,0.30,outputs/_ensemble_v8_g_s77_kdv7_I13.json
v8,1,ensemble_3stud_v8_vote_unanimous,I13,0.7973,0.00,0.00,0.00,1+77+1KD,0.30,outputs/_ensemble_v8_g_s77_kdv7_I13.json
v8,1,ensemble_3stud_v8_vote_intersection_bits,I13,0.8240,0.00,0.00,0.00,1+77+1KD,0.30,outputs/_ensemble_v8_g_s77_kdv7_I13.json
v8,1,ensemble_3stud_v8_vote_union_bits,I13,0.9923,0.05,1.88,0.49,1+77+1KD,0.30,outputs/_ensemble_v8_g_s77_kdv7_I13.json
v8,1,ensemble_3stud_v8_vote_majority_bits,I13,0.9600,0.00,0.00,0.00,1+77+1KD,0.30,outputs/_ensemble_v8_g_s77_kdv7_I13.json
v9,1,KD_v8_a05_T2_skipcm,I3,0.9274,100.00,100.00,100.00,1,0.30,outputs/KD_v8_a05_T2_skipcm/20260517_121833_T7_KD_v8_a05_T2_skipcm/eval_n2000_pred/stage1_260517_150413/preds_chip.parquet
v9,1,KD_v8_a05_T2_skipcm,I7,0.9227,100.00,100.00,100.00,1,0.30,outputs/KD_v8_a05_T2_skipcm/20260517_121833_T7_KD_v8_a05_T2_skipcm/eval_n2000_pred/stage1_260517_150413/preds_chip.parquet
v9,1,KD_v8_a05_T2_skipcm,I10,0.8924,32.15,79.46,57.15,1,0.30,outputs/KD_v8_a05_T2_skipcm/20260517_121833_T7_KD_v8_a05_T2_skipcm/eval_n2000_pred/stage1_260517_150413/preds_chip.parquet
v9,1,KD_v8_a05_T2_skipcm,I13,0.8365,31.45,71.12,52.41,1,0.30,outputs/KD_v8_a05_T2_skipcm/20260517_121833_T7_KD_v8_a05_T2_skipcm/eval_n2000_pred/stage1_260517_150413/preds_chip.parquet
v10,1,soup_v1_3way_uniform_mean,I3,0.9274,100.00,100.00,100.00,1+77+1KD,0.30,outputs/soup_v1_3way/eval_n2000_pred/stage1_260517_201557/preds_chip.parquet
v10,1,soup_v1_3way_uniform_mean,I7,0.9263,100.00,100.00,100.00,1+77+1KD,0.30,outputs/soup_v1_3way/eval_n2000_pred/stage1_260517_201557/preds_chip.parquet
v10,1,soup_v1_3way_uniform_mean,I10,0.9748,0.00,0.00,0.00,1+77+1KD,0.30,outputs/soup_v1_3way/eval_n2000_pred/stage1_260517_201557/preds_chip.parquet
v10,1,soup_v1_3way_uniform_mean,I13,0.9564,0.00,0.00,0.00,1+77+1KD,0.30,outputs/soup_v1_3way/eval_n2000_pred/stage1_260517_201557/preds_chip.parquet
v15,1,KD_v11_a025_T2_skipcm_v15,I3,0.9143,100.00,100.00,100.00,1,0.30,outputs/KD_v11_a025_T2_skipcm_v15/20260518_043734_T7_KD_v11_a025_T2_skipcm/eval_n2000_pred/stage1_260518_044114/preds_chip.parquet
v15,1,KD_v11_a025_T2_skipcm_v15,I7,0.9065,100.00,100.00,100.00,1,0.30,outputs/KD_v11_a025_T2_skipcm_v15/20260518_043734_T7_KD_v11_a025_T2_skipcm/eval_n2000_pred/stage1_260518_044114/preds_chip.parquet
v15,1,KD_v11_a025_T2_skipcm_v15,I10,0.9192,0.00,0.00,0.00,1,0.30,outputs/KD_v11_a025_T2_skipcm_v15/20260518_043734_T7_KD_v11_a025_T2_skipcm/eval_n2000_pred/stage1_260518_044114/preds_chip.parquet
v15,1,KD_v11_a025_T2_skipcm_v15,I13,0.8574,0.00,0.00,0.00,1,0.30,outputs/KD_v11_a025_T2_skipcm_v15/20260518_043734_T7_KD_v11_a025_T2_skipcm/eval_n2000_pred/stage1_260518_044114/preds_chip.parquet
v15,2,KD_v12_a030_T3_skipcm_v15,I3,0.9362,100.00,100.00,100.00,1,0.30,outputs/KD_v12_a030_T3_skipcm_v15/20260518_044903_T7_KD_v12_a030_T3_skipcm/eval_n2000_pred/stage1_260518_045541/preds_chip.parquet
v15,2,KD_v12_a030_T3_skipcm_v15,I7,0.9341,100.00,100.00,100.00,1,0.30,outputs/KD_v12_a030_T3_skipcm_v15/20260518_044903_T7_KD_v12_a030_T3_skipcm/eval_n2000_pred/stage1_260518_045541/preds_chip.parquet
v15,2,KD_v12_a030_T3_skipcm_v15,I10,0.9470,0.00,0.00,0.00,1,0.30,outputs/KD_v12_a030_T3_skipcm_v15/20260518_044903_T7_KD_v12_a030_T3_skipcm/eval_n2000_pred/stage1_260518_045541/preds_chip.parquet
v15,2,KD_v12_a030_T3_skipcm_v15,I13,0.8750,0.00,0.16,0.04,1,0.30,outputs/KD_v12_a030_T3_skipcm_v15/20260518_044903_T7_KD_v12_a030_T3_skipcm/eval_n2000_pred/stage1_260518_045541/preds_chip.parquet
v19,1,KD_6way_a025_T2_skipcm_v19,I3,0.8125,100.00,100.00,100.00,1,0.30,outputs/KD_6way_a025_T2_skipcm_v19/20260518_191740_T7_KD_6way_a025_T2_skipcm/eval_n2000_pred/stage1_260518_200530/preds_chip.parquet
v19,1,KD_6way_a025_T2_skipcm_v19,I7,0.7515,100.00,100.00,100.00,1,0.30,outputs/KD_6way_a025_T2_skipcm_v19/20260518_191740_T7_KD_6way_a025_T2_skipcm/eval_n2000_pred/stage1_260518_200530/preds_chip.parquet
v19,1,KD_6way_a025_T2_skipcm_v19,I10,0.7748,0.00,0.00,0.00,1,0.30,outputs/KD_6way_a025_T2_skipcm_v19/20260518_191740_T7_KD_6way_a025_T2_skipcm/eval_n2000_pred/stage1_260518_200530/preds_chip.parquet
v19,1,KD_6way_a025_T2_skipcm_v19,I13,0.7298,0.00,0.00,0.00,1,0.30,outputs/KD_6way_a025_T2_skipcm_v19/20260518_191740_T7_KD_6way_a025_T2_skipcm/eval_n2000_pred/stage1_260518_200530/preds_chip.parquet
fcm,1,fcm_nopair_g4_2ep,I3,0.8784,99.90,95.78,98.90,42,0.30,outputs/fcm_nopair_g4/20260520_192505_T7_T7_fcm_nopair_g4/eval_n2000_pred/stage1_260520_195914/preds_chip.parquet
fcm,1,fcm_nopair_g4_2ep,I7,0.8655,98.95,90.00,96.78,42,0.30,outputs/fcm_nopair_g4/20260520_192505_T7_T7_fcm_nopair_g4/eval_n2000_pred/stage1_260520_195914/preds_chip.parquet
fcm,1,fcm_nopair_g4_2ep,I10,0.9328,0.55,1.25,0.72,42,0.30,outputs/fcm_nopair_g4/20260520_192505_T7_T7_fcm_nopair_g4/eval_n2000_pred/stage1_260520_195914/preds_chip.parquet
fcm,1,fcm_nopair_g4_2ep,I13,0.8749,2.60,0.31,2.05,42,0.30,outputs/fcm_nopair_g4/20260520_192505_T7_T7_fcm_nopair_g4/eval_n2000_pred/stage1_260520_195914/preds_chip.parquet
fcm,1,fcm_pair_cls03_1ep,I3,0.9183,100.00,100.00,100.00,42,0.30,outputs/fcm_pair_cls03/20260520_210505_T7_T7_fcm_pair_cls03/eval_n2000_pred/stage1_260520_212540/preds_chip.parquet
fcm,1,fcm_pair_cls03_1ep,I7,0.9143,100.00,100.00,100.00,42,0.30,outputs/fcm_pair_cls03/20260520_210505_T7_T7_fcm_pair_cls03/eval_n2000_pred/stage1_260520_212540/preds_chip.parquet
fcm,1,fcm_pair_cls03_1ep,I10,0.8876,4.40,5.00,4.55,42,0.30,outputs/fcm_pair_cls03/20260520_210505_T7_T7_fcm_pair_cls03/eval_n2000_pred/stage1_260520_212540/preds_chip.parquet
fcm,1,fcm_pair_cls03_1ep,I13,0.7875,55.70,35.47,50.80,42,0.30,outputs/fcm_pair_cls03/20260520_210505_T7_T7_fcm_pair_cls03/eval_n2000_pred/stage1_260520_212540/preds_chip.parquet
fcm_margin,1,fcm_margin_g2_cls05_ls30_pair_best,I10,0.9806,0.2055,0.3094,0.2307,42,0.30,outputs/fcm_margin_g2_cls05_ls30_pair/20260521_*/eval_n2000_margin_best/bit_far_metrics.json
fcm_margin,1,fcm_margin_g2_cls05_ls30_pair_final,I10,0.9748,0.0040,0.0141,0.0064,42,0.30,outputs/fcm_margin_g2_cls05_ls30_pair/20260521_*/eval_n2000_margin_final/bit_far_metrics.json
fcm_margin,2,fcm_margin_g2_cls05_ls30_nopair_best,I10,0.9872,0.3880,0.4188,0.3955,42,0.30,outputs/fcm_margin_g2_cls05_ls30_nopair/20260521_*/eval_n2000_margin_best/bit_far_metrics.json
fcm_margin,2,fcm_margin_g2_cls05_ls30_nopair_final,I10,0.9689,0.0450,0.0172,0.0383,42,0.30,outputs/fcm_margin_g2_cls05_ls30_nopair/20260521_*/eval_n2000_margin_final/bit_far_metrics.json
fcm_margin,3,fcm_margin_g3_cls03_ls30_pair_best,I10,0.9590,0.3870,0.3484,0.3777,42,0.30,outputs/fcm_margin_g3_cls03_ls30_pair/20260521_*/eval_n2000_margin_best/bit_far_metrics.json
fcm_margin,4,fcm_margin_g3_cls03_ls30_nopair_best,I10,0.9632,0.1100,0.1672,0.1239,42,0.30,outputs/fcm_margin_g3_cls03_ls30_nopair/20260521_*/eval_n2000_margin_best/bit_far_metrics.json
fcm_margin,5,fcm_margin_g3_cls05_ls40_pair_best,I10,0.9699,0.0045,0.0109,0.0061,42,0.40,outputs/fcm_margin_g3_cls05_ls40_pair/20260521_*/eval_n2000_margin_best/bit_far_metrics.json
fcm_margin,5,fcm_margin_g3_cls05_ls40_pair_final,I10,0.9686,0.0225,0.0297,0.0242,42,0.40,outputs/fcm_margin_g3_cls05_ls40_pair/20260521_*/eval_n2000_margin_final/bit_far_metrics.json
fcm_margin,6,fcm_margin_g3_cls05_ls40_nopair_best,I10,0.9565,0.0000,0.0063,0.0015,42,0.40,outputs/fcm_margin_g3_cls05_ls40_nopair/20260521_*/eval_n2000_margin_best/bit_far_metrics.json
fcm_margin,6,fcm_margin_g3_cls05_ls40_nopair_final,I10,0.9705,0.0010,0.0187,0.0053,42,0.40,outputs/fcm_margin_g3_cls05_ls40_nopair/20260521_*/eval_n2000_margin_final/bit_far_metrics.json
fcm_margin,7,fcm_margin_g3_cls07_ls30_pair_best,I10,0.9918,0.0000,0.4750,0.1152,42,0.30,outputs/fcm_margin_g3_cls07_ls30_pair/20260521_*/eval_n2000_margin_best/bit_far_metrics.json
fcm_margin,7,fcm_margin_g3_cls07_ls30_pair_final,I10,0.9924,0.0000,0.4766,0.1155,42,0.30,outputs/fcm_margin_g3_cls07_ls30_pair/20260521_*/eval_n2000_margin_final/bit_far_metrics.json
fcm_margin,8,fcm_margin_g3_cls07_ls30_nopair_best,I10,0.9953,0.0460,0.3656,0.1235,42,0.30,outputs/fcm_margin_g3_cls07_ls30_nopair/20260521_*/eval_n2000_margin_best/bit_far_metrics.json
fcm_margin,8,fcm_margin_g3_cls07_ls30_nopair_final,I10,0.9953,0.0460,0.3656,0.1235,42,0.30,outputs/fcm_margin_g3_cls07_ls30_nopair/20260521_*/eval_n2000_margin_final/bit_far_metrics.json
fcm_margin,9,fcm_margin_g4_cls05_ls30_pair_best,I10,0.9620,0.1520,0.7625,0.3000,42,0.30,outputs/fcm_margin_g4_cls05_ls30_pair/20260521_*/eval_n2000_margin_best/bit_far_metrics.json
fcm_margin,9,fcm_margin_g4_cls05_ls30_pair_final,I10,0.9718,0.0030,0.0141,0.0057,42,0.30,outputs/fcm_margin_g4_cls05_ls30_pair/20260521_*/eval_n2000_margin_final/bit_far_metrics.json
fcm_margin,10,fcm_margin_g4_cls05_ls30_nopair_best,I10,0.9923,0.1150,0.0203,0.0920,42,0.30,outputs/fcm_margin_g4_cls05_ls30_nopair/20260521_*/eval_n2000_margin_best/bit_far_metrics.json
fcm_margin,10,fcm_margin_g4_cls05_ls30_nopair_final,I10,0.9920,0.0455,0.2516,0.0955,42,0.30,outputs/fcm_margin_g4_cls05_ls30_nopair/20260521_*/eval_n2000_margin_final/bit_far_metrics.json
iter116J_nopair_val,1,iter116J_nopair_10ep_s1_best,I3,0.8816,100.00,100.00,100.00,1,0.30,outputs/iter116J_nopair_validation/20260522_135641_T7_iter116J_nopair_10ep_s1/eval_n2000_best/eval_260522_142722/preds_chip.parquet
iter116J_nopair_val,1,iter116J_nopair_10ep_s1_best,I7,0.8813,100.00,100.00,100.00,1,0.30,outputs/iter116J_nopair_validation/20260522_135641_T7_iter116J_nopair_10ep_s1/eval_n2000_best/eval_260522_142722/preds_chip.parquet
iter116J_nopair_val,1,iter116J_nopair_10ep_s1_best,I10,0.9237,0.50,8.44,2.42,1,0.30,outputs/iter116J_nopair_validation/20260522_135641_T7_iter116J_nopair_10ep_s1/eval_n2000_best/eval_260522_142722/preds_chip.parquet
iter116J_nopair_val,1,iter116J_nopair_10ep_s1_best,I13,0.8394,0.55,8.28,2.42,1,0.30,outputs/iter116J_nopair_validation/20260522_135641_T7_iter116J_nopair_10ep_s1/eval_n2000_best/eval_260522_142722/preds_chip.parquet
iter116J_nopair_val,1,iter116J_nopair_10ep_s1_final,I3,0.8816,100.00,100.00,100.00,1,0.30,outputs/iter116J_nopair_validation/20260522_135641_T7_iter116J_nopair_10ep_s1/eval_n2000_final/eval_260522_142725/preds_chip.parquet
iter116J_nopair_val,1,iter116J_nopair_10ep_s1_final,I7,0.8813,100.00,100.00,100.00,1,0.30,outputs/iter116J_nopair_validation/20260522_135641_T7_iter116J_nopair_10ep_s1/eval_n2000_final/eval_260522_142725/preds_chip.parquet
iter116J_nopair_val,1,iter116J_nopair_10ep_s1_final,I10,0.9237,0.50,8.44,2.42,1,0.30,outputs/iter116J_nopair_validation/20260522_135641_T7_iter116J_nopair_10ep_s1/eval_n2000_final/eval_260522_142725/preds_chip.parquet
iter116J_nopair_val,1,iter116J_nopair_10ep_s1_final,I13,0.8394,0.55,8.28,2.42,1,0.30,outputs/iter116J_nopair_validation/20260522_135641_T7_iter116J_nopair_10ep_s1/eval_n2000_final/eval_260522_142725/preds_chip.parquet
iter116J_exact_repro,1,iter116J_exact_repro_s1_ep8_best,I10,0.9691,0.00,3.75,0.91,1,0.30,outputs/iter116J_exact_repro/20260522_142643_T7_iter116J_exact/eval_sota_i10/eval_260522_151400/preds_chip.parquet
iter116J_exact_repro,12,iter116J_exact_repro_v12_s1_ep8_best,I10,0.9691,0.00,8.13,1.97,1,0.30,outputs/iter116J_exact_repro/20260522_211945_T7_iter116J_exact/eval_sota_i10/eval_260522_213802/preds_chip.parquet
