run_tag,backbone_name,timm_name,family,params_M,img_size,train_time_min,n_train,n_val,best_epoch,best_val_acc,ls,cutmix_p,cell_id,macro_f1,top1_11,bF1_4def,ni_far_pct,ood_far_pct,total_far_pct,status,eval_path
iter88A_efformerv2_l,EfficientFormerV2-L,efficientformerv2_l.snap_dist_in1k,EfficientFormer,25.75,224.0,5.42481294075648,651.0,163.0,7.0,0.9877300613496932,0.2,0.25,,,,,,,,EVAL_FAIL_NaN,
iter88B_tinyvit_21m,TinyViT-21M-384,tiny_vit_21m_384.dist_in22k_ft_in1k,TinyViT,20.67,384.0,2.777231454849243,651.0,163.0,1.0,0.9815950920245399,0.2,0.25,T0__I3,0.65892449342164,0.2418831168831169,0.838124558835744,100.0,100.0,100.0,DONE,outputs/iter88B_tinyvit_21m/T7_iter88B_tinyvit_21m_260512_122844/eval_v15direct_n200/stage1_260512_123144
iter88B_tinyvit_21m,TinyViT-21M-384,tiny_vit_21m_384.dist_in22k_ft_in1k,TinyViT,20.67,384.0,2.777231454849243,651.0,163.0,1.0,0.9815950920245399,0.2,0.25,T0__I7,0.6466691219015712,0.2327922077922078,0.8294067996472373,100.0,100.0,100.0,DONE,outputs/iter88B_tinyvit_21m/T7_iter88B_tinyvit_21m_260512_122844/eval_v15direct_n200/stage1_260512_123144
iter88B_tinyvit_21m,TinyViT-21M-384,tiny_vit_21m_384.dist_in22k_ft_in1k,TinyViT,20.67,384.0,2.777231454849243,651.0,163.0,1.0,0.9815950920245399,0.2,0.25,T0__I10,0.5203020904649193,0.23116883116883116,0.6906329515901841,0.0,0.0,0.0,DONE,outputs/iter88B_tinyvit_21m/T7_iter88B_tinyvit_21m_260512_122844/eval_v15direct_n200/stage1_260512_123144
iter88B_tinyvit_21m,TinyViT-21M-384,tiny_vit_21m_384.dist_in22k_ft_in1k,TinyViT,20.67,384.0,2.777231454849243,651.0,163.0,1.0,0.9815950920245399,0.2,0.25,T0__I13,0.5994044675654543,0.2392857142857143,0.7913966080896453,40.0,71.875,64.28571428571429,DONE,outputs/iter88B_tinyvit_21m/T7_iter88B_tinyvit_21m_260512_122844/eval_v15direct_n200/stage1_260512_123144
iter88C_mbnetv4_l,MobileNetV4-Conv-L,mobilenetv4_conv_large.e600_r384_in1k,MobileNet,,384.0,,,,,,,,,,,,,,,FAIL,
iter88D_effv2_l,EfficientNetV2-L,tf_efficientnetv2_l.in21k_ft_in1k,EfficientNet,117.75,384.0,7.394916407267252,651.0,163.0,4.0,0.9754601226993865,0.2,0.25,T0__I3,0.661197838792945,0.3185064935064935,0.8547545480723397,88.0,100.0,97.14285714285714,DONE,outputs/iter88D_effv2_l/T7_iter88D_effv2_l_260512_123254/eval_v15direct_n200/stage1_260512_124036
iter88D_effv2_l,EfficientNetV2-L,tf_efficientnetv2_l.in21k_ft_in1k,EfficientNet,117.75,384.0,7.394916407267252,651.0,163.0,4.0,0.9754601226993865,0.2,0.25,T0__I7,0.6569566543260705,0.31103896103896106,0.8478035560462933,88.0,100.0,97.14285714285714,DONE,outputs/iter88D_effv2_l/T7_iter88D_effv2_l_260512_123254/eval_v15direct_n200/stage1_260512_124036
iter88D_effv2_l,EfficientNetV2-L,tf_efficientnetv2_l.in21k_ft_in1k,EfficientNet,117.75,384.0,7.394916407267252,651.0,163.0,4.0,0.9754601226993865,0.2,0.25,T0__I10,0.5775757961338454,0.3038961038961039,0.8010818537665212,72.5,81.09375,79.04761904761905,DONE,outputs/iter88D_effv2_l/T7_iter88D_effv2_l_260512_123254/eval_v15direct_n200/stage1_260512_124036
iter88D_effv2_l,EfficientNetV2-L,tf_efficientnetv2_l.in21k_ft_in1k,EfficientNet,117.75,384.0,7.394916407267252,651.0,163.0,4.0,0.9754601226993865,0.2,0.25,T0__I13,0.5589256318368718,0.27954545454545454,0.7695497900528564,75.0,90.9375,87.14285714285714,DONE,outputs/iter88D_effv2_l/T7_iter88D_effv2_l_260512_123254/eval_v15direct_n200/stage1_260512_124036
iter88E_swin_large,Swin-Large-384,swin_large_patch4_window12_384.ms_in22k_ft_in1k,Swin V1,195.2,384.0,10.345933159192404,651.0,163.0,1.0,0.9815950920245399,0.2,0.25,T0__I3,0.7234509111706741,0.4396103896103896,0.9472742458226614,100.0,100.0,100.0,DONE,outputs/iter88E_swin_large/T7_iter88E_swin_large_260512_124132/eval_v15direct_n200/stage1_260512_125217
iter88E_swin_large,Swin-Large-384,swin_large_patch4_window12_384.ms_in22k_ft_in1k,Swin V1,195.2,384.0,10.345933159192404,651.0,163.0,1.0,0.9815950920245399,0.2,0.25,T0__I7,0.7102566756873441,0.4077922077922078,0.9204151960369875,100.0,100.0,100.0,DONE,outputs/iter88E_swin_large/T7_iter88E_swin_large_260512_124132/eval_v15direct_n200/stage1_260512_125217
iter88E_swin_large,Swin-Large-384,swin_large_patch4_window12_384.ms_in22k_ft_in1k,Swin V1,195.2,384.0,10.345933159192404,651.0,163.0,1.0,0.9815950920245399,0.2,0.25,T0__I10,0.8053153422465009,0.45876623376623377,0.9192080319546134,0.0,0.15625,0.11904761904761905,DONE,outputs/iter88E_swin_large/T7_iter88E_swin_large_260512_124132/eval_v15direct_n200/stage1_260512_125217
iter88E_swin_large,Swin-Large-384,swin_large_patch4_window12_384.ms_in22k_ft_in1k,Swin V1,195.2,384.0,10.345933159192404,651.0,163.0,1.0,0.9815950920245399,0.2,0.25,T0__I13,0.7077582519655783,0.42175324675324677,0.8636132084923642,0.0,0.15625,0.11904761904761905,DONE,outputs/iter88E_swin_large/T7_iter88E_swin_large_260512_124132/eval_v15direct_n200/stage1_260512_125217
iter88F_convnext_large,ConvNeXt-Large-384,convnext_large.fb_in22k_ft_in1k_384,ConvNeXt V1,196.24,384.0,5.350609163443248,651.0,163.0,3.0,0.9877300613496932,0.2,0.25,T0__I3,0.7309100123157058,0.5064935064935064,0.9918675610054428,100.0,100.0,100.0,DONE,outputs/iter88F_convnext_large/T7_iter88F_convnext_large_260512_132234/eval_v15direct_n200/stage1_260512_132818
iter88F_convnext_large,ConvNeXt-Large-384,convnext_large.fb_in22k_ft_in1k_384,ConvNeXt V1,196.24,384.0,5.350609163443248,651.0,163.0,3.0,0.9877300613496932,0.2,0.25,T0__I7,0.7280277708157422,0.5081168831168831,0.9930876845669813,100.0,100.0,100.0,DONE,outputs/iter88F_convnext_large/T7_iter88F_convnext_large_260512_132234/eval_v15direct_n200/stage1_260512_132818
iter88F_convnext_large,ConvNeXt-Large-384,convnext_large.fb_in22k_ft_in1k_384,ConvNeXt V1,196.24,384.0,5.350609163443248,651.0,163.0,3.0,0.9877300613496932,0.2,0.25,T0__I10,0.7375357437199148,0.5561688311688312,0.9892832154723165,1.5,48.75,37.5,DONE,outputs/iter88F_convnext_large/T7_iter88F_convnext_large_260512_132234/eval_v15direct_n200/stage1_260512_132818
iter88F_convnext_large,ConvNeXt-Large-384,convnext_large.fb_in22k_ft_in1k_384,ConvNeXt V1,196.24,384.0,5.350609163443248,651.0,163.0,3.0,0.9877300613496932,0.2,0.25,T0__I13,0.6240362438665219,0.4720779220779221,0.8720380279788503,0.5,13.750000000000002,10.595238095238095,DONE,outputs/iter88F_convnext_large/T7_iter88F_convnext_large_260512_132234/eval_v15direct_n200/stage1_260512_132818
iter88G_resnet50,ResNet-50,resnet50.a1_in1k,ResNet,23.57,224.0,2.5084100127220155,651.0,163.0,7.0,0.9693251533742331,0.2,0.25,T0__I3,0.5196332831220807,0.1314935064935065,0.6769467422695287,80.0,100.0,95.23809523809523,DONE,outputs/iter88G_resnet50/T7_iter88G_resnet50_260512_125422/eval_v15direct_n200/stage1_260512_125703
iter88G_resnet50,ResNet-50,resnet50.a1_in1k,ResNet,23.57,224.0,2.5084100127220155,651.0,163.0,7.0,0.9693251533742331,0.2,0.25,T0__I7,0.5216894735328513,0.1314935064935065,0.6861313571702536,80.0,100.0,95.23809523809523,DONE,outputs/iter88G_resnet50/T7_iter88G_resnet50_260512_125422/eval_v15direct_n200/stage1_260512_125703
iter88G_resnet50,ResNet-50,resnet50.a1_in1k,ResNet,23.57,224.0,2.5084100127220155,651.0,163.0,7.0,0.9693251533742331,0.2,0.25,T0__I10,0.0,0.05194805194805195,0.0,0.0,0.0,0.0,DONE,outputs/iter88G_resnet50/T7_iter88G_resnet50_260512_125422/eval_v15direct_n200/stage1_260512_125703
iter88G_resnet50,ResNet-50,resnet50.a1_in1k,ResNet,23.57,224.0,2.5084100127220155,651.0,163.0,7.0,0.9693251533742331,0.2,0.25,T0__I13,0.0,0.05194805194805195,0.0,0.0,0.0,0.0,DONE,outputs/iter88G_resnet50/T7_iter88G_resnet50_260512_125422/eval_v15direct_n200/stage1_260512_125703
iter88H_resnet152,ResNet-152,resnet152.a1_in1k,ResNet,58.3,224.0,6.129255684216817,651.0,163.0,6.0,0.9263803680981595,0.2,0.25,,,,,,,,TRAIN_ONLY,
iter89_LR14_LS3_g2,Swin-Base LR1e-4 LS0.3 g2,swin_base_patch4_window12_384.ms_in22k_ft_in1k,Swin V1 tune,86.88,384.0,4.478132168451945,651.0,163.0,1.0,0.9815950920245399,0.3,0.25,T0__I3,0.779396105334097,0.4775974025974026,0.9718472897535426,100.0,100.0,100.0,DONE,outputs/iter89_LR14_LS3_g2/T7_iter89_LR14_LS3_g2_260512_133038/eval_v15direct_n200/stage1_260512_133514
iter89_LR14_LS3_g2,Swin-Base LR1e-4 LS0.3 g2,swin_base_patch4_window12_384.ms_in22k_ft_in1k,Swin V1 tune,86.88,384.0,4.478132168451945,651.0,163.0,1.0,0.9815950920245399,0.3,0.25,T0__I7,0.7208094925658571,0.4461038961038961,0.9455701220166731,100.0,100.0,100.0,DONE,outputs/iter89_LR14_LS3_g2/T7_iter89_LR14_LS3_g2_260512_133038/eval_v15direct_n200/stage1_260512_133514
iter89_LR14_LS3_g2,Swin-Base LR1e-4 LS0.3 g2,swin_base_patch4_window12_384.ms_in22k_ft_in1k,Swin V1 tune,86.88,384.0,4.478132168451945,651.0,163.0,1.0,0.9815950920245399,0.3,0.25,T0__I10,0.798082770612013,0.4863636363636364,0.9278122819607132,0.0,0.0,0.0,DONE,outputs/iter89_LR14_LS3_g2/T7_iter89_LR14_LS3_g2_260512_133038/eval_v15direct_n200/stage1_260512_133514
iter89_LR14_LS3_g2,Swin-Base LR1e-4 LS0.3 g2,swin_base_patch4_window12_384.ms_in22k_ft_in1k,Swin V1 tune,86.88,384.0,4.478132168451945,651.0,163.0,1.0,0.9815950920245399,0.3,0.25,T0__I13,0.7584565001043093,0.4642857142857143,0.8928122676627646,0.0,0.0,0.0,DONE,outputs/iter89_LR14_LS3_g2/T7_iter89_LR14_LS3_g2_260512_133038/eval_v15direct_n200/stage1_260512_133514
iter89_LR14_LS3_g3,Swin-Base LR1e-4 LS0.3 g3,swin_base_patch4_window12_384.ms_in22k_ft_in1k,Swin V1 tune,86.88,384.0,,,,,,,,T0__I3,0.7753110860538879,0.46655844155844156,0.9654836213098096,100.0,100.0,100.0,DONE,outputs/iter89_LR14_LS3_g3/T7_iter89_LR14_LS3_g3_260512_133619/eval_v15direct_n200/stage1_260512_133828
iter89_LR14_LS3_g3,Swin-Base LR1e-4 LS0.3 g3,swin_base_patch4_window12_384.ms_in22k_ft_in1k,Swin V1 tune,86.88,384.0,,,,,,,,T0__I7,0.764140445925078,0.4418831168831169,0.9483672813738673,100.0,100.0,100.0,DONE,outputs/iter89_LR14_LS3_g3/T7_iter89_LR14_LS3_g3_260512_133619/eval_v15direct_n200/stage1_260512_133828
iter89_LR14_LS3_g3,Swin-Base LR1e-4 LS0.3 g3,swin_base_patch4_window12_384.ms_in22k_ft_in1k,Swin V1 tune,86.88,384.0,,,,,,,,T0__I10,0.7899408522310417,0.4909090909090909,0.9433603255091929,0.0,0.0,0.0,DONE,outputs/iter89_LR14_LS3_g3/T7_iter89_LR14_LS3_g3_260512_133619/eval_v15direct_n200/stage1_260512_133828
iter89_LR14_LS3_g3,Swin-Base LR1e-4 LS0.3 g3,swin_base_patch4_window12_384.ms_in22k_ft_in1k,Swin V1 tune,86.88,384.0,,,,,,,,T0__I13,0.7253090246864671,0.4584415584415584,0.8964333489240279,0.0,0.0,0.0,DONE,outputs/iter89_LR14_LS3_g3/T7_iter89_LR14_LS3_g3_260512_133619/eval_v15direct_n200/stage1_260512_133828
iter89_LR14_LS5_g2,Swin-Base LR1e-4 LS0.5 g2,swin_base_patch4_window12_384.ms_in22k_ft_in1k,Swin V1 tune,86.88,384.0,26.628540098667145,651.0,163.0,1.0,0.9815950920245399,0.5,0.25,,,,,,,,TRAIN_ONLY,
iter92A_swinv2_base_384,SwinV2-Base-384,swinv2_base_window12to24_192to384.ms_in22k_ft_in1k,Swin V2,87.1,384.0,,,,,,,,,,,,,,,FAIL,
iter90,TBD,,pending,,,,,,,,,,,,,,,,,SKIP,
iter91,TBD,,pending,,,,,,,,,,,,,,,,,SKIP,
iter93,TBD,,pending,,,,,,,,,,,,,,,,,SKIP,
iter94,TBD,,pending,,,,,,,,,,,,,,,,,SKIP,
iter95A_dinov3_convnext_base,DINOv3-ConvNeXt-B,convnext_base.dinov3_lvd1689m,DINOv3-CN,89.0,224,2.46,651,163,3,0.9877,0.2,0.25,T0__I3,0.6165,0.1695,0.6165,100.0,100.0,100.0,DONE,outputs/iter95A_dinov3_convnext_base/T7_iter95A_dinov3_convnext_base_260512_151012/eval_v15direct_n200/stage1_260512_151256
iter95A_dinov3_convnext_base,DINOv3-ConvNeXt-B,convnext_base.dinov3_lvd1689m,DINOv3-CN,89.0,224,2.46,651,163,3,0.9877,0.2,0.25,T0__I7,0.5802,0.1662,0.5802,100.0,100.0,100.0,DONE,outputs/iter95A_dinov3_convnext_base/T7_iter95A_dinov3_convnext_base_260512_151012/eval_v15direct_n200/stage1_260512_151256
iter95A_dinov3_convnext_base,DINOv3-ConvNeXt-B,convnext_base.dinov3_lvd1689m,DINOv3-CN,89.0,224,2.46,651,163,3,0.9877,0.2,0.25,T0__I10,0.6211,0.1828,0.6211,73.0,21.875,34.0476,DONE,outputs/iter95A_dinov3_convnext_base/T7_iter95A_dinov3_convnext_base_260512_151012/eval_v15direct_n200/stage1_260512_151256
iter95A_dinov3_convnext_base,DINOv3-ConvNeXt-B,convnext_base.dinov3_lvd1689m,DINOv3-CN,89.0,224,2.46,651,163,3,0.9877,0.2,0.25,T0__I13,0.5927,0.1805,0.5927,47.5,7.8125,17.2619,DONE,outputs/iter95A_dinov3_convnext_base/T7_iter95A_dinov3_convnext_base_260512_151012/eval_v15direct_n200/stage1_260512_151256
iter95B_swinv2_base_384,SwinV2-B-384,swinv2_base_window12to24_192to384.ms_in22k_ft_in1k,Swin V2,87.6,384,144.97,651,163,1,0.9877,0.2,0.25,T0__I3,0.7381,0.3851,0.7381,100.0,100.0,100.0,DONE,outputs/iter95B_swinv2_base_384/T7_iter95B_swinv2_base_384_260512_151323/eval_v15direct_n200/stage1_260512_173829
iter95B_swinv2_base_384,SwinV2-B-384,swinv2_base_window12to24_192to384.ms_in22k_ft_in1k,Swin V2,87.6,384,144.97,651,163,1,0.9877,0.2,0.25,T0__I7,0.7273,0.3584,0.7273,100.0,100.0,100.0,DONE,outputs/iter95B_swinv2_base_384/T7_iter95B_swinv2_base_384_260512_151323/eval_v15direct_n200/stage1_260512_173829
iter95B_swinv2_base_384,SwinV2-B-384,swinv2_base_window12to24_192to384.ms_in22k_ft_in1k,Swin V2,87.6,384,144.97,651,163,1,0.9877,0.2,0.25,T0__I10,0.7843,0.4097,0.7843,0.0,0.1562,0.119,DONE,outputs/iter95B_swinv2_base_384/T7_iter95B_swinv2_base_384_260512_151323/eval_v15direct_n200/stage1_260512_173829
iter95B_swinv2_base_384,SwinV2-B-384,swinv2_base_window12to24_192to384.ms_in22k_ft_in1k,Swin V2,87.6,384,144.97,651,163,1,0.9877,0.2,0.25,T0__I13,0.6974,0.3828,0.6974,0.0,0.0,0.0,DONE,outputs/iter95B_swinv2_base_384/T7_iter95B_swinv2_base_384_260512_151323/eval_v15direct_n200/stage1_260512_173829
iter96A_hiera_base,Hiera-B,hiera_base_224.mae_in1k_ft_in1k,Hiera,51.5,224,2.52,651,163,1,0.9816,0.2,0.25,T0__I3,0.7228,0.2779,0.7228,100.0,100.0,100.0,DONE,outputs/iter96A_hiera_base/T7_iter96A_hiera_base_260512_185610/eval_v15direct_n200/stage1_260512_185855
iter96A_hiera_base,Hiera-B,hiera_base_224.mae_in1k_ft_in1k,Hiera,51.5,224,2.52,651,163,1,0.9816,0.2,0.25,T0__I7,0.6821,0.2299,0.6821,100.0,100.0,100.0,DONE,outputs/iter96A_hiera_base/T7_iter96A_hiera_base_260512_185610/eval_v15direct_n200/stage1_260512_185855
iter96A_hiera_base,Hiera-B,hiera_base_224.mae_in1k_ft_in1k,Hiera,51.5,224,2.52,651,163,1,0.9816,0.2,0.25,T0__I10,0.0,0.0519,0.0,0.0,0.0,0.0,DONE,outputs/iter96A_hiera_base/T7_iter96A_hiera_base_260512_185610/eval_v15direct_n200/stage1_260512_185855
iter96A_hiera_base,Hiera-B,hiera_base_224.mae_in1k_ft_in1k,Hiera,51.5,224,2.52,651,163,1,0.9816,0.2,0.25,T0__I13,0.0,0.0519,0.0,0.0,0.0,0.0,DONE,outputs/iter96A_hiera_base/T7_iter96A_hiera_base_260512_185610/eval_v15direct_n200/stage1_260512_185855
iter97A_dinov3_lr5e5,DINOv3-ConvNeXt-B,convnext_base.dinov3_lvd1689m,DINOv3-CN,89.0,224,5.58,651,163,9,0.9877,0.2,0.25,T0__I3,0.804,0.4981,0.804,100.0,100.0,100.0,DONE,outputs/iter97A_lr5e5/T7_iter97A_lr5e5_260512_175006/eval_v15direct_n200_best/stage1_260512_175547
iter97A_dinov3_lr5e5,DINOv3-ConvNeXt-B,convnext_base.dinov3_lvd1689m,DINOv3-CN,89.0,224,5.58,651,163,9,0.9877,0.2,0.25,T0__I7,0.8012,0.4968,0.8012,100.0,100.0,100.0,DONE,outputs/iter97A_lr5e5/T7_iter97A_lr5e5_260512_175006/eval_v15direct_n200_best/stage1_260512_175547
iter97A_dinov3_lr5e5,DINOv3-ConvNeXt-B,convnext_base.dinov3_lvd1689m,DINOv3-CN,89.0,224,5.58,651,163,9,0.9877,0.2,0.25,T0__I10,0.87,0.5468,0.87,1.5,1.4062,1.4286,DONE,outputs/iter97A_lr5e5/T7_iter97A_lr5e5_260512_175006/eval_v15direct_n200_best/stage1_260512_175547
iter97A_dinov3_lr5e5,DINOv3-ConvNeXt-B,convnext_base.dinov3_lvd1689m,DINOv3-CN,89.0,224,5.58,651,163,9,0.9877,0.2,0.25,T0__I13,0.8183,0.5438,0.8183,0.0,0.7812,0.5952,DONE,outputs/iter97A_lr5e5/T7_iter97A_lr5e5_260512_175006/eval_v15direct_n200_best/stage1_260512_175547
iter97A_dinov3_lr5e5_FINAL,DINOv3-ConvNeXt-B,convnext_base.dinov3_lvd1689m,DINOv3-CN,89.0,224,5.58,651,163,20,0.9877,0.2,0.25,T0__I3,0.7765,0.511,0.7765,100.0,100.0,100.0,DONE,outputs/iter97A_lr5e5/T7_iter97A_lr5e5_260512_175006/eval_v15direct_n200_final/stage1_260512_175611
iter97A_dinov3_lr5e5_FINAL,DINOv3-ConvNeXt-B,convnext_base.dinov3_lvd1689m,DINOv3-CN,89.0,224,5.58,651,163,20,0.9877,0.2,0.25,T0__I7,0.7655,0.4792,0.7655,100.0,100.0,100.0,DONE,outputs/iter97A_lr5e5/T7_iter97A_lr5e5_260512_175006/eval_v15direct_n200_final/stage1_260512_175611
iter97A_dinov3_lr5e5_FINAL,DINOv3-ConvNeXt-B,convnext_base.dinov3_lvd1689m,DINOv3-CN,89.0,224,5.58,651,163,20,0.9877,0.2,0.25,T0__I10,0.7704,0.4805,0.7704,78.0,94.375,90.4762,DONE,outputs/iter97A_lr5e5/T7_iter97A_lr5e5_260512_175006/eval_v15direct_n200_final/stage1_260512_175611
iter97A_dinov3_lr5e5_FINAL,DINOv3-ConvNeXt-B,convnext_base.dinov3_lvd1689m,DINOv3-CN,89.0,224,5.58,651,163,20,0.9877,0.2,0.25,T0__I13,0.7011,0.475,0.7011,73.5,84.0625,81.5476,DONE,outputs/iter97A_lr5e5/T7_iter97A_lr5e5_260512_175006/eval_v15direct_n200_final/stage1_260512_175611
iter97B_dinov3_lr2e5,DINOv3-ConvNeXt-B,convnext_base.dinov3_lvd1689m,DINOv3-CN,89.0,224,5.49,651,163,1,0.9877,0.2,0.25,T0__I3,0.7023,0.3929,0.7023,100.0,100.0,100.0,DONE,outputs/iter97B_lr2e5/T7_iter97B_lr2e5_260512_175634/eval_v15direct_n200_best/stage1_260512_180212
iter97B_dinov3_lr2e5,DINOv3-ConvNeXt-B,convnext_base.dinov3_lvd1689m,DINOv3-CN,89.0,224,5.49,651,163,1,0.9877,0.2,0.25,T0__I7,0.7037,0.3851,0.7037,100.0,100.0,100.0,DONE,outputs/iter97B_lr2e5/T7_iter97B_lr2e5_260512_175634/eval_v15direct_n200_best/stage1_260512_180212
iter97B_dinov3_lr2e5,DINOv3-ConvNeXt-B,convnext_base.dinov3_lvd1689m,DINOv3-CN,89.0,224,5.49,651,163,1,0.9877,0.2,0.25,T0__I10,0.6781,0.3581,0.6781,98.0,78.125,82.8571,DONE,outputs/iter97B_lr2e5/T7_iter97B_lr2e5_260512_175634/eval_v15direct_n200_best/stage1_260512_180212
iter97B_dinov3_lr2e5,DINOv3-ConvNeXt-B,convnext_base.dinov3_lvd1689m,DINOv3-CN,89.0,224,5.49,651,163,1,0.9877,0.2,0.25,T0__I13,0.6371,0.3133,0.6371,99.0,12.6562,33.2143,DONE,outputs/iter97B_lr2e5/T7_iter97B_lr2e5_260512_175634/eval_v15direct_n200_best/stage1_260512_180212
iter97B_dinov3_lr2e5_FINAL,DINOv3-ConvNeXt-B,convnext_base.dinov3_lvd1689m,DINOv3-CN,89.0,224,5.49,651,163,20,0.9877,0.2,0.25,T0__I3,0.7664,0.5094,0.7664,100.0,100.0,100.0,DONE,outputs/iter97B_lr2e5/T7_iter97B_lr2e5_260512_175634/eval_v15direct_n200_final/stage1_260512_180236
iter97B_dinov3_lr2e5_FINAL,DINOv3-ConvNeXt-B,convnext_base.dinov3_lvd1689m,DINOv3-CN,89.0,224,5.49,651,163,20,0.9877,0.2,0.25,T0__I7,0.7541,0.4244,0.7541,100.0,100.0,100.0,DONE,outputs/iter97B_lr2e5/T7_iter97B_lr2e5_260512_175634/eval_v15direct_n200_final/stage1_260512_180236
iter97B_dinov3_lr2e5_FINAL,DINOv3-ConvNeXt-B,convnext_base.dinov3_lvd1689m,DINOv3-CN,89.0,224,5.49,651,163,20,0.9877,0.2,0.25,T0__I10,0.7529,0.4247,0.7529,79.5,98.2812,93.8095,DONE,outputs/iter97B_lr2e5/T7_iter97B_lr2e5_260512_175634/eval_v15direct_n200_final/stage1_260512_180236
iter97B_dinov3_lr2e5_FINAL,DINOv3-ConvNeXt-B,convnext_base.dinov3_lvd1689m,DINOv3-CN,89.0,224,5.49,651,163,20,0.9877,0.2,0.25,T0__I13,0.6723,0.4188,0.6723,78.0,94.2188,90.3571,DONE,outputs/iter97B_lr2e5/T7_iter97B_lr2e5_260512_175634/eval_v15direct_n200_final/stage1_260512_180236
iter97C_dinov3_lr1e5,DINOv3-ConvNeXt-B,convnext_base.dinov3_lvd1689m,DINOv3-CN,89.0,224,5.47,651,163,8,0.9877,0.2,0.25,T0__I3,0.7778,0.5023,0.7778,100.0,100.0,100.0,DONE,outputs/iter97C_lr1e5/T7_iter97C_lr1e5_260512_180259/eval_v15direct_n200_best/stage1_260512_180834
iter97C_dinov3_lr1e5,DINOv3-ConvNeXt-B,convnext_base.dinov3_lvd1689m,DINOv3-CN,89.0,224,5.47,651,163,8,0.9877,0.2,0.25,T0__I7,0.7792,0.5097,0.7792,100.0,100.0,100.0,DONE,outputs/iter97C_lr1e5/T7_iter97C_lr1e5_260512_180259/eval_v15direct_n200_best/stage1_260512_180834
iter97C_dinov3_lr1e5,DINOv3-ConvNeXt-B,convnext_base.dinov3_lvd1689m,DINOv3-CN,89.0,224,5.47,651,163,8,0.9877,0.2,0.25,T0__I10,0.8129,0.5292,0.8129,49.5,42.6562,44.2857,DONE,outputs/iter97C_lr1e5/T7_iter97C_lr1e5_260512_180259/eval_v15direct_n200_best/stage1_260512_180834
iter97C_dinov3_lr1e5,DINOv3-ConvNeXt-B,convnext_base.dinov3_lvd1689m,DINOv3-CN,89.0,224,5.47,651,163,8,0.9877,0.2,0.25,T0__I13,0.6657,0.4711,0.6657,35.5,23.2812,26.1905,DONE,outputs/iter97C_lr1e5/T7_iter97C_lr1e5_260512_180259/eval_v15direct_n200_best/stage1_260512_180834
iter97C_dinov3_lr1e5_FINAL,DINOv3-ConvNeXt-B,convnext_base.dinov3_lvd1689m,DINOv3-CN,89.0,224,5.47,651,163,20,0.9877,0.2,0.25,T0__I3,0.7596,0.5006,0.7596,100.0,100.0,100.0,DONE,outputs/iter97C_lr1e5/T7_iter97C_lr1e5_260512_180259/eval_v15direct_n200_final/stage1_260512_180857
iter97C_dinov3_lr1e5_FINAL,DINOv3-ConvNeXt-B,convnext_base.dinov3_lvd1689m,DINOv3-CN,89.0,224,5.47,651,163,20,0.9877,0.2,0.25,T0__I7,0.7551,0.4688,0.7551,100.0,100.0,100.0,DONE,outputs/iter97C_lr1e5/T7_iter97C_lr1e5_260512_180259/eval_v15direct_n200_final/stage1_260512_180857
iter97C_dinov3_lr1e5_FINAL,DINOv3-ConvNeXt-B,convnext_base.dinov3_lvd1689m,DINOv3-CN,89.0,224,5.47,651,163,20,0.9877,0.2,0.25,T0__I10,0.7625,0.4734,0.7625,73.0,91.0938,86.7857,DONE,outputs/iter97C_lr1e5/T7_iter97C_lr1e5_260512_180259/eval_v15direct_n200_final/stage1_260512_180857
iter97C_dinov3_lr1e5_FINAL,DINOv3-ConvNeXt-B,convnext_base.dinov3_lvd1689m,DINOv3-CN,89.0,224,5.47,651,163,20,0.9877,0.2,0.25,T0__I13,0.6246,0.4185,0.6246,67.5,75.625,73.6905,DONE,outputs/iter97C_lr1e5/T7_iter97C_lr1e5_260512_180259/eval_v15direct_n200_final/stage1_260512_180857
iter99A_convnextv2_b_ep10_bf6,ConvNeXtV2-B-384,convnextv2_base.fcmae_ft_in22k_in1k_384,ConvNeXt V2,88.0,384,7.58,651,163,6,0.9816,0.2,0.25,T0__I3,0.7737,0.5097,0.7737,100.0,100.0,100.0,DONE,outputs/iter99A_convnextv2_b/T7_iter99A_convnextv2_b_260512_191743/eval_v15direct_n200/stage1_260512_192525
iter99A_convnextv2_b_ep10_bf6,ConvNeXtV2-B-384,convnextv2_base.fcmae_ft_in22k_in1k_384,ConvNeXt V2,88.0,384,7.58,651,163,6,0.9816,0.2,0.25,T0__I7,0.7884,0.5026,0.7884,100.0,100.0,100.0,DONE,outputs/iter99A_convnextv2_b/T7_iter99A_convnextv2_b_260512_191743/eval_v15direct_n200/stage1_260512_192525
iter99A_convnextv2_b_ep10_bf6,ConvNeXtV2-B-384,convnextv2_base.fcmae_ft_in22k_in1k_384,ConvNeXt V2,88.0,384,7.58,651,163,6,0.9816,0.2,0.25,T0__I10,0.8367,0.5519,0.8367,0.5,15.7812,12.1429,DONE,outputs/iter99A_convnextv2_b/T7_iter99A_convnextv2_b_260512_191743/eval_v15direct_n200/stage1_260512_192525
iter99A_convnextv2_b_ep10_bf6,ConvNeXtV2-B-384,convnextv2_base.fcmae_ft_in22k_in1k_384,ConvNeXt V2,88.0,384,7.58,651,163,6,0.9816,0.2,0.25,T0__I13,0.7052,0.5143,0.7052,0.0,0.1562,0.119,DONE,outputs/iter99A_convnextv2_b/T7_iter99A_convnextv2_b_260512_191743/eval_v15direct_n200/stage1_260512_192525
iter99B_swin_v1_b_ep10_bf6,Swin-B-384,swin_base_patch4_window12_384.ms_in22k_ft_in1k,Swin V1,88.0,384,6.27,651,163,6,0.9816,0.2,0.25,T0__I3,0.803,0.4883,0.803,100.0,100.0,100.0,DONE,outputs/iter99B_swin_v1_b/T7_iter99B_swin_v1_b_260512_192632/eval_v15direct_n200/stage1_260512_193255
iter99B_swin_v1_b_ep10_bf6,Swin-B-384,swin_base_patch4_window12_384.ms_in22k_ft_in1k,Swin V1,88.0,384,6.27,651,163,6,0.9816,0.2,0.25,T0__I7,0.7765,0.4156,0.7765,100.0,100.0,100.0,DONE,outputs/iter99B_swin_v1_b/T7_iter99B_swin_v1_b_260512_192632/eval_v15direct_n200/stage1_260512_193255
iter99B_swin_v1_b_ep10_bf6,Swin-B-384,swin_base_patch4_window12_384.ms_in22k_ft_in1k,Swin V1,88.0,384,6.27,651,163,6,0.9816,0.2,0.25,T0__I10,0.7954,0.4675,0.7954,1.0,0.3125,0.4762,DONE,outputs/iter99B_swin_v1_b/T7_iter99B_swin_v1_b_260512_192632/eval_v15direct_n200/stage1_260512_193255
iter99B_swin_v1_b_ep10_bf6,Swin-B-384,swin_base_patch4_window12_384.ms_in22k_ft_in1k,Swin V1,88.0,384,6.27,651,163,6,0.9816,0.2,0.25,T0__I13,0.6841,0.4065,0.6841,0.0,0.0,0.0,DONE,outputs/iter99B_swin_v1_b/T7_iter99B_swin_v1_b_260512_192632/eval_v15direct_n200/stage1_260512_193255
iter99C_dinov3_convx_b_ep10_bf6,DINOv3-ConvNeXt-B,convnext_base.dinov3_lvd1689m,DINOv3-CN,89.0,224,2.83,651,163,6,0.9816,0.2,0.25,T0__I3,0.7332,0.2971,0.7332,100.0,100.0,100.0,DONE,outputs/iter99C_dinov3_convx_b/T7_iter99C_dinov3_convx_b_260512_193401/eval_v15direct_n200/stage1_260512_193657
iter99C_dinov3_convx_b_ep10_bf6,DINOv3-ConvNeXt-B,convnext_base.dinov3_lvd1689m,DINOv3-CN,89.0,224,2.83,651,163,6,0.9816,0.2,0.25,T0__I7,0.7328,0.3023,0.7328,100.0,100.0,100.0,DONE,outputs/iter99C_dinov3_convx_b/T7_iter99C_dinov3_convx_b_260512_193401/eval_v15direct_n200/stage1_260512_193657
iter99C_dinov3_convx_b_ep10_bf6,DINOv3-ConvNeXt-B,convnext_base.dinov3_lvd1689m,DINOv3-CN,89.0,224,2.83,651,163,6,0.9816,0.2,0.25,T0__I10,0.7423,0.3032,0.7423,78.0,89.5312,86.7857,DONE,outputs/iter99C_dinov3_convx_b/T7_iter99C_dinov3_convx_b_260512_193401/eval_v15direct_n200/stage1_260512_193657
iter99C_dinov3_convx_b_ep10_bf6,DINOv3-ConvNeXt-B,convnext_base.dinov3_lvd1689m,DINOv3-CN,89.0,224,2.83,651,163,6,0.9816,0.2,0.25,T0__I13,0.7155,0.3253,0.7155,43.5,62.6562,58.0952,DONE,outputs/iter99C_dinov3_convx_b/T7_iter99C_dinov3_convx_b_260512_193401/eval_v15direct_n200/stage1_260512_193657
iter99D_hiera_base_ep10_bf6,Hiera-B,hiera_base_224.mae_in1k_ft_in1k,Hiera,51.5,224,2.87,651,163,6,0.9877,0.2,0.25,T0__I3,0.6954,0.2468,0.6954,100.0,100.0,100.0,DONE,outputs/iter99D_hiera_base/T7_iter99D_hiera_base_260512_193721/eval_v15direct_n200/stage1_260512_194019
iter99D_hiera_base_ep10_bf6,Hiera-B,hiera_base_224.mae_in1k_ft_in1k,Hiera,51.5,224,2.87,651,163,6,0.9877,0.2,0.25,T0__I7,0.6637,0.2,0.6637,100.0,100.0,100.0,DONE,outputs/iter99D_hiera_base/T7_iter99D_hiera_base_260512_193721/eval_v15direct_n200/stage1_260512_194019
iter99D_hiera_base_ep10_bf6,Hiera-B,hiera_base_224.mae_in1k_ft_in1k,Hiera,51.5,224,2.87,651,163,6,0.9877,0.2,0.25,T0__I10,0.7039,0.2519,0.7039,0.0,6.25,4.7619,DONE,outputs/iter99D_hiera_base/T7_iter99D_hiera_base_260512_193721/eval_v15direct_n200/stage1_260512_194019
iter99D_hiera_base_ep10_bf6,Hiera-B,hiera_base_224.mae_in1k_ft_in1k,Hiera,51.5,224,2.87,651,163,6,0.9877,0.2,0.25,T0__I13,0.5458,0.2078,0.5458,0.0,5.1562,3.9286,DONE,outputs/iter99D_hiera_base/T7_iter99D_hiera_base_260512_193721/eval_v15direct_n200/stage1_260512_194019
iter99E_convnextv2_lr5e5_ep10_bf6,ConvNeXtV2-B-384,convnextv2_base.fcmae_ft_in22k_in1k_384,ConvNeXt V2,88.0,384,7.61,651,163,8,0.9877,0.2,0.25,T0__I3,0.7767,0.5049,0.7767,100.0,100.0,100.0,DONE,outputs/iter99E_convnextv2_lr5e5/T7_iter99E_convnextv2_lr5e5_260512_194042/eval_v15direct_n200/stage1_260512_194826
iter99E_convnextv2_lr5e5_ep10_bf6,ConvNeXtV2-B-384,convnextv2_base.fcmae_ft_in22k_in1k_384,ConvNeXt V2,88.0,384,7.61,651,163,8,0.9877,0.2,0.25,T0__I7,0.7801,0.5104,0.7801,100.0,100.0,100.0,DONE,outputs/iter99E_convnextv2_lr5e5/T7_iter99E_convnextv2_lr5e5_260512_194042/eval_v15direct_n200/stage1_260512_194826
iter99E_convnextv2_lr5e5_ep10_bf6,ConvNeXtV2-B-384,convnextv2_base.fcmae_ft_in22k_in1k_384,ConvNeXt V2,88.0,384,7.61,651,163,8,0.9877,0.2,0.25,T0__I10,0.8282,0.5416,0.8282,32.0,4.2188,10.8333,DONE,outputs/iter99E_convnextv2_lr5e5/T7_iter99E_convnextv2_lr5e5_260512_194042/eval_v15direct_n200/stage1_260512_194826
iter99E_convnextv2_lr5e5_ep10_bf6,ConvNeXtV2-B-384,convnextv2_base.fcmae_ft_in22k_in1k_384,ConvNeXt V2,88.0,384,7.61,651,163,8,0.9877,0.2,0.25,T0__I13,0.7608,0.5328,0.7608,0.5,2.1875,1.7857,DONE,outputs/iter99E_convnextv2_lr5e5/T7_iter99E_convnextv2_lr5e5_260512_194042/eval_v15direct_n200/stage1_260512_194826
