row,recipe,source,best_variant,user_bit_F1,pos9_bit_F1,single_macro_4,combo_macro_5,bit_F1_4defect,ni_far_pct,ood_far_pct,total_far_pct,source_parquet
1,BCE+LabelSmoothing,chain_v5_ladder1_baseline_T7_LS030_no_cutmix,T0__I13,0.1093,0.1214,0.1896,0.0668,0.5174,99.65,98.9062,99.4697,outputs/ladder1_baseline/20260514_181742_T7_ladder1_baseline/eval_n2000_pred/stage1_260514_183326/preds_chip.parquet
2,SigmoidFocalLoss,chain_v5_ladder2_T9_Focal,T0__I10,0.7980,0.7794,0.8724,0.7050,0.8996,35.55,77.5000,45.7197,outputs/ladder2_focal/20260514_184629_T9_ladder2_focal/eval_n2000_pred/stage1_260514_191925/preds_chip.parquet
2,SigmoidFocalLoss_FAR_corner,chain_v5_ladder2_T9_Focal,T0__I13,-,0.7709,0.8745,0.6879,0.8981,0.00,0.3125,0.0758,outputs/ladder2_focal/20260514_184629_T9_ladder2_focal/eval_n2000_pred/stage1_260514_191925/preds_chip.parquet
3,AsymmetricLoss_ASL,chain_v5_ladder3_T4_ASL,T0__I3,0.6435,0.6457,0.5379,0.7320,0.8582,100.00,100.0000,100.0000,outputs/ladder3_asl/20260514_230402_T4_ladder3_asl/eval_n2000_pred/stage1_260514_231251/preds_chip.parquet
4,CutMix_random_rectangle,chain_v5_ladder4_T7_cutmix_only_p050,T0__I10,0.9359,0.9290,0.9566,0.9070,0.9410,37.00,57.8125,42.0455,outputs/ladder4_cutmix_only/20260514_231942_T7_ladder4_cutmix_only/eval_n2000_pred/stage1_260514_232810/preds_chip.parquet
5,CutMix_plus_PairMask,chain_v5_ladder5_T7_cutmix_pair_g4n2,T0__I3,0.9256,0.9174,0.8538,0.9682,0.9478,100.00,100.0000,100.0000,outputs/ladder5_cutmix_pair/20260514_233450_T7_ladder5_cutmix_pair/eval_n2000_pred/stage1_260514_234342/preds_chip.parquet
6,FCM-PM_val_f1_selection,iter116J_f1sel_T7_g3_LS030_val_f1,T0__I10,0.9652,0.6749,0.6770,0.6732,0.8848,0.00,0.0000,0.0000,outputs/iter116J_g3_ls30_f1sel/T7_iter116J_f1sel_260513_055839/eval_n2000_pred/stage1_260514_181155/preds_chip.parquet
7,FCM-PM_val_margin_selection,iter116J_T7_g3_LS030_val_margin_CHAMPION,T0__I10,0.9943,0.9748,0.9737,0.9756,0.9918,0.00,0.0000,0.0000,outputs/iter116J_g3_ls30/T7_iter116J_g3_ls30_260513_010015/eval_n2000_pred/stage1_260514_161529/preds_chip.parquet
8,4bag_Majority_Voting_Ensemble,4bag_fbag1234_per_bit_thr2of4_n2000,T0__I10,0.9615,0.9367,0.9535,0.9232,0.9647,0.05,0.3125,0.1136,outputs/fbag1..fbag4/eval_n2000_pred/preds_chip.parquet (vote_majority_bits thr=2/4)
9,KD_single_student,KD_v7_iter116J_a03_T2_skipcutmix,T0__I10,0.9265,0.9265,0.9363,0.9187,0.9785,0.00,0.0000,0.0000,outputs/KD_v7_iter116J_a03_T2_skipcutmix/20260517_095713_T7_KD_v7_iter116J_a03_T2_skipcutmix/eval_n2000_pred/stage1_260517_101336/preds_chip.parquet
9,KD_single_student_v15_a025_T2,KD_v11_a025_T2_skipcm_v15,T0__I10,0.9192,-,-,-,0.9192,0.00,0.0000,0.0000,outputs/KD_v11_a025_T2_skipcm_v15/20260518_043734_T7_KD_v11_a025_T2_skipcm/eval_n2000_pred/stage1_260518_044114/preds_chip.parquet
9,KD_single_student_v15_a030_T3_NEWBEST,KD_v12_a030_T3_skipcm_v15,T0__I10,0.9470,-,-,-,0.9470,0.00,0.0000,0.0000,outputs/KD_v12_a030_T3_skipcm_v15/20260518_044903_T7_KD_v12_a030_T3_skipcm/eval_n2000_pred/stage1_260518_045541/preds_chip.parquet
9,KD_E1_ensemble_teacher_a030_T2_NEGATIVE,KD_E1_a030_T2_skipcm_v16,T0__I10,0.8761,0.7040,-,-,0.8761,11.50,0.0000,8.7066,outputs/KD_E1_a030_T2_skipcm_v16/20260518_105331_T7_KD_E1_a030_T2_skipcm/eval_n2000_pred/stage1_260518_110353/preds_chip.parquet
9,KD_E1_ensemble_teacher_a030_T2_I13_FARzero,KD_E1_a030_T2_skipcm_v16,T0__I13,0.8291,0.6672,-,-,0.8291,0.00,0.0000,0.0000,outputs/KD_E1_a030_T2_skipcm_v16/20260518_105331_T7_KD_E1_a030_T2_skipcm/eval_n2000_pred/stage1_260518_110353/preds_chip.parquet
10,Ensemble_3way_no_KD_majority_bits,no_kd_3way_s1_s77_s33_v15_vote_majority_bits,T0__I10,0.9929,-,-,-,0.9929,0.35,0.0000,0.2727,outputs/_ensemble_no_kd_s1_s77_s33_I10.json
10,Ensemble_3way_no_KD_majority,no_kd_3way_s1_s77_s33_v15_vote_majority,T0__I10,0.9928,-,-,-,0.9928,0.35,0.0000,0.2727,outputs/_ensemble_no_kd_s1_s77_s33_I10.json
10,Ensemble_3way_no_KD_unanimous,no_kd_3way_s1_s77_s33_v15_vote_unanimous,T0__I10,0.9375,-,-,-,0.9375,0.00,0.0000,0.0000,outputs/_ensemble_no_kd_s1_s77_s33_I10.json
10,Ensemble_3way_no_KD_intersection_bits,no_kd_3way_s1_s77_s33_v15_vote_intersection_bits,T0__I10,0.9701,-,-,-,0.9701,0.00,0.0000,0.0000,outputs/_ensemble_no_kd_s1_s77_s33_I10.json
10,Ensemble_3way_no_KD_union_bits,no_kd_3way_s1_s77_s33_v15_vote_union_bits,T0__I10,0.9880,-,-,-,0.9880,20.05,2.9688,15.9091,outputs/_ensemble_no_kd_s1_s77_s33_I10.json
11,iter39_4bag_paperMain_n2000_REVERIFY,iter39_4bag_paperMain_24LS030s42_26B_26D_26H_n2000_I10,T0__I10,0.9555,-,-,-,0.9555,4.10,3.9062,4.0530,outputs/_ensemble_iter39_4bag_paperMain_n2000_I10.json
12,Ensemble_4way_3strong_KDv7_LS20s77_voteBits_k2_NEW_CHAMPION,ens_4way_s1_s77_LS20s77_KDv7_majority_bits_k2_I10,T0__I10,0.9953,-,-,-,0.9953,0.00,0.0000,0.0000,outputs/_ens_4way_3strong_plus_KDv7_I10.json
12,Ensemble_5way_LS30s11_voteBits_k3_zeroFAR,ens_5way_4plus_LS30s11_majority_bits_k3_I10,T0__I10,0.9942,-,-,-,0.9942,0.00,0.0000,0.0000,outputs/_ens_5way_3strong_KDv7_LS30s11_I10.json
12,Ensemble_6way_LS20s1_voteBits_k3_zeroFAR,ens_6way_5plus_LS20s1_majority_bits_k3_I10,T0__I10,0.9947,-,-,-,0.9947,0.00,0.0000,0.0000,outputs/_ens_6way_5plus_LS20s1_I10.json
12,Ensemble_3strong_baseOnly_voteBits_k2_noKD,ens_3strong_s1_s77_LS20s77_majority_bits_k2_I10,T0__I10,0.9940,-,-,-,0.9940,0.00,0.0000,0.0000,outputs/_ens_3strong_v18analyst_I10.json
12,Ensemble_5way_LS30s11_voteBits_k2_PARETO_F1max,ens_5way_4plus_LS30s11_majority_bits_k2_I10,T0__I10,0.9964,-,-,-,0.9964,0.05,1.5625,0.4167,outputs/_ens_5way_3strong_KDv7_LS30s11_I10.json
12,Ensemble_4way_KDv7_voteBits_k1_I13_PARETO_looseFAR,ens_4way_s1_s77_LS20s77_KDv7_majority_bits_k1_I13,T0__I13,0.9955,-,-,-,0.9955,-,-,0.4924,outputs/_ens_4way_3strong_KDv7_I13.json
